,agency_cd,site_no,datetime,145277_99133_00001,145277_99133_00001_cd,145278_99133_00002,145278_99133_00002_cd,145279_99133_00008,145279_99133_00008_cd,145280_00060_00003,145280_00060_00003_cd,145286_00010_00001,145286_00010_00001_cd,145287_00010_00002,145287_00010_00002_cd,145288_00010_00008,145288_00010_00008_cd,145290_00095_00001,145290_00095_00001_cd,145291_00095_00002,145291_00095_00002_cd,145292_00095_00008,145292_00095_00008_cd,145294_00300_00001,145294_00300_00001_cd,145295_00300_00002,145295_00300_00002_cd,145296_00300_00008,145296_00300_00008_cd,145297_00400_00001,145297_00400_00001_cd,145298_00400_00002,145298_00400_00002_cd,145299_00400_00008,145299_00400_00008_cd,241304_63680_00008,241304_63680_00008_cd,241305_63680_00002,241305_63680_00002_cd,241306_63680_00001,241306_63680_00001_cd
1,USGS,2035000,2022-04-24,0.14,A,0.09,A,0.11,A,6800,A,20.5,A,18.3,A,19.2,A,151.0,A,144.0,A,148.0,A,9.4,A,8.9,A,9.1,A,8.0,A,7.9,A,7.9,A,5.9,A,4.6,A,7.5,A
2,USGS,2035000,2022-04-25,0.12,A,0.07,A,0.09,A,6380,A,21.8,A,19.9,A,20.6,A,149.0,A,140.0,A,143.0,A,9.0,A,8.5,A,8.7,A,8.0,A,7.8,A,7.9,A,5.5,A,4.5,A,7.4,A
3,USGS,2035000,2022-04-26,0.14,A,0.06,A,0.08,A,6200,A,21.7,A,19.9,A,20.9,A,140.0,A,123.0,A,134.0,A,8.7,A,7.9,A,8.4,A,7.9,A,7.5,A,7.9,A,5.8,A,4.4,A,49.8,A
4,USGS,2035000,2022-04-27,0.14,A,0.05,A,0.09,A,6420,A,20.3,A,18.8,A,19.5,A,127.0,A,121.0,A,124.0,A,8.6,A,7.7,A,8.1,A,7.7,A,7.4,A,7.6,A,9.8,A:[4],6.4,A:[4],30.8,A:[4]
5,USGS,2035000,2022-04-28,0.08,A,0.05,A,0.06,A,5900,A,19.3,A,17.9,A,18.6,A,124.0,A,120.0,A,122.0,A,9.3,A,8.4,A,8.8,A,7.9,A,7.6,A,7.7,A,5.0,A,3.8,A,6.6,A
6,USGS,2035000,2022-04-29,0.09,A,0.03,A,0.06,A,5200,A,18.9,A,17.1,A,18.0,A,125.0,A,122.0,A,124.0,A,9.8,A,8.7,A,9.2,A,8.1,A,7.7,A,7.8,A,3.9,A,3.2,A,5.3,A
7,USGS,2035000,2022-04-30,0.1,A,0.02,A,0.04,A,4740,A,18.0,A,17.2,A,17.7,A,128.0,A,125.0,A,126.0,A,9.6,A,8.8,A,9.2,A,8.1,A,7.8,A,7.9,A,3.3,A,2.7,A,4.0,A
8,USGS,2035000,2022-05-01,,,,,,,4540,A,18.4,A,17.0,A,17.6,A,130.0,A,127.0,A,128.0,A,9.9,A,8.8,A,9.3,A,8.2,A,7.7,A,7.9,A,3.5,A,3.0,A,6.5,A
9,USGS,2035000,2022-05-02,,,,,,,4360,A,20.6,A,17.9,A,19.0,A,130.0,A,127.0,A,129.0,A,10.1,A,8.7,A,9.2,A,8.4,A,7.7,A,7.9,A,3.2,A,2.7,A,5.6,A
10,USGS,2035000,2022-05-03,,,,,,,4250,A,21.1,A,19.6,A,20.0,A,135.0,A,128.0,A,132.0,A,9.7,A,8.3,A,8.8,A,8.4,A,7.7,A,7.9,A,3.3,A,2.8,A,4.5,A
11,USGS,2035000,2022-05-04,0.04,A,0.02,A,0.03,A,4020,A,23.1,A,20.7,A,21.7,A,144.0,A,135.0,A,139.0,A,9.6,A,7.8,A,8.6,A,8.6,A,7.7,A,7.9,A,3.2,A,2.9,A,10.0,A
12,USGS,2035000,2022-05-05,0.04,A,0.02,A,0.03,A,4110,A,22.5,A,21.4,A,22.0,A,146.0,A,142.0,A,143.0,A,9.2,A,7.5,A,8.2,A,8.3,A,7.6,A,7.8,A,3.6,A,3.3,A,6.3,A
13,USGS,2035000,2022-05-06,0.1,A,0.04,A,0.06,A,3950,A,21.4,A,20.6,A,21.0,A,144.0,A,142.0,A,142.0,A,8.8,A,7.6,A,8.1,A,8.1,A,7.6,A,7.7,A,3.7,A,3.2,A,10.6,A
14,USGS,2035000,2022-05-07,0.15,A,0.06,A,0.09,A,5240,A,20.6,A,17.8,A,19.8,A,144.0,A,111.0,A,141.0,A,8.3,A,7.5,A,8.0,A,7.7,A,7.3,A,7.6,A,5.2,A,4.5,A,15.1,A
15,USGS,2035000,2022-05-08,0.24,A,0.13,A,0.18,A,6900,A,17.8,A,15.7,A,16.4,A,111.0,A,101.0,A,103.0,A,8.7,A,8.0,A,8.1,A,7.4,A,7.3,A,7.4,A,25.4,A,14.7,A,47.8,A
16,USGS,2035000,2022-05-09,,,,,,,13500,A,17.5,A,15.2,A,15.7,A,180.0,A,104.0,A,154.0,A,9.1,A,8.5,A,8.9,A,7.8,A,7.4,A,7.7,A,32.1,A,17.2,A,47.6,A
17,USGS,2035000,2022-05-10,,,,,,,13200,A,17.9,A,16.9,A,17.5,A,181.0,A,162.0,A,168.0,A,8.7,A,8.5,A,8.6,A,7.8,A,7.7,A,7.7,A,24.1,A,17.1,A,45.0,A
18,USGS,2035000,2022-05-11,,,,,,,11300,A,17.9,A,17.0,A,17.8,A,162.0,A,116.0,A,136.0,A,8.8,A,8.7,A,8.7,A,7.7,A,7.5,A,7.5,A,,,17.2,A:[4],24.6,A:[4]
19,USGS,2035000,2022-05-12,0.25,A,0.23,A,0.24,A,10000,A,18.0,A,17.6,A,17.8,A,116.0,A,112.0,A,115.0,A,8.8,A,8.6,A,8.6,A,7.5,A,7.5,A,7.5,A,,,13.8,A:[4],16.3,A:[4]
20,USGS,2035000,2022-05-13,0.25,A,0.22,A,0.23,A,8040,A,18.7,A,17.9,A,18.2,A,117.0,A,110.0,A,113.0,A,8.6,A,8.5,A,8.6,A,7.5,A,7.4,A,7.5,A,12.2,A,10.4,A,18.7,A
21,USGS,2035000,2022-05-14,0.28,A,0.2,A,0.22,A,8460,A,19.2,A,18.6,A,18.9,A,116.0,A,76.0,A,115.0,A,8.5,A,7.6,A,8.4,A,7.5,A,7.0,A,7.5,A,10.2,A,8.6,A,126.0,A
22,USGS,2035000,2022-05-15,0.28,A,0.25,A,0.26,A,9360,A,20.3,A,18.5,A,19.4,A,83.0,A,74.0,A,79.0,A,8.0,A,7.6,A,7.9,A,7.2,A,7.0,A,7.1,A,95.6,A,63.6,A,144.0,A
23,USGS,2035000,2022-05-16,0.29,A,0.25,A,0.26,A,8500,A,21.5,A,20.0,A,20.5,A,86.0,A,80.0,A,83.0,A,8.0,A,7.5,A,7.7,A,7.2,A,7.1,A,7.2,A,47.7,A,38.1,A,78.1,A
24,USGS,2035000,2022-05-17,0.27,A,0.23,A,0.24,A,7550,A,21.9,A,19.9,A,20.7,A,101.0,A,82.0,A,93.0,A,7.9,A,7.8,A,7.8,A,7.4,A,7.2,A,7.3,A,25.9,A,18.6,A,52.9,A
25,USGS,2035000,2022-05-18,0.26,A,0.23,A,0.25,A,6640,A,22.1,A,20.8,A,21.4,A,112.0,A,101.0,A,105.0,A,7.9,A,7.8,A,7.8,A,7.5,A,7.4,A,7.4,A,20.6,A,17.2,A,30.9,A
26,USGS,2035000,2022-05-19,0.26,A,0.23,A,0.25,A,5830,A,23.8,A,21.4,A,22.2,A,117.0,A,112.0,A,114.0,A,7.9,A,7.7,A,7.8,A,7.5,A,7.5,A,7.5,A,14.8,A,11.6,A,23.6,A
27,USGS,2035000,2022-05-20,0.24,A,0.19,A,0.23,A,5090,A,25.3,A,22.7,A,23.6,A,119.0,A,114.0,A,117.0,A,7.7,A,7.4,A,7.6,A,7.6,A,7.5,A,7.6,A,11.9,A,9.6,A,16.7,A
28,USGS,2035000,2022-05-21,,,,,,,4560,A,26.7,A,24.4,A,25.4,A,121.0,A,118.0,A,121.0,A,7.6,A,7.2,A,7.4,A,7.7,A,7.5,A,7.6,A,8.7,A,7.3,A,13.6,A
29,USGS,2035000,2022-05-22,,,,,,,4230,A,27.7,A,25.6,A,26.4,A,126.0,A,121.0,A,124.0,A,7.4,A,7.1,A,7.2,A,7.8,A,7.5,A,7.7,A,7.9,A,6.2,A,20.4,A
30,USGS,2035000,2022-05-23,,,,,,,3770,A,27.0,A,24.2,A,25.9,A,127.0,A,122.0,A,126.0,A,7.3,A,6.9,A,7.2,A,7.8,A,7.5,A,7.6,A,6.1,A,5.2,A,7.6,A
31,USGS,2035000,2022-05-24,,,,,,,5000,A,24.2,A,20.6,A,22.4,A,122.0,A,105.0,A,115.0,A,7.7,A,7.3,A,7.4,A,7.5,A,7.3,A,7.5,A,9.2,A,7.5,A,20.4,A
32,USGS,2035000,2022-05-25,,,,,,,11200,A,20.6,A,19.4,A,19.6,A,109.0,A,95.0,A,106.0,A,8.0,A,7.7,A,7.9,A,7.4,A,7.2,A,7.4,A,30.8,A,18.6,A,41.7,A
33,USGS,2035000,2022-05-26,,,,,,,12900,A,20.1,A,19.2,A,19.4,A,134.0,A,103.0,A,116.0,A,8.1,A,7.9,A,8.1,A,7.5,A,7.3,A,7.4,A,28.5,A,20.8,A,39.1,A
34,USGS,2035000,2022-05-27,,,,,,,11300,A,20.6,A,20.1,A,20.4,A,149.0,A,134.0,A,140.0,A,8.0,A,7.9,A,7.9,A,7.6,A,7.5,A,7.5,A,24.1,A,17.9,A,40.8,A
35,USGS,2035000,2022-05-28,,,,,,,24700,A,20.1,A,19.3,A,19.6,A,135.0,A,83.0,A,110.0,A,8.0,A,7.6,A,7.7,A,7.5,A,7.0,A,7.3,A,109.0,A,29.8,A,175.0,A
36,USGS,2035000,2022-05-29,,,,,,,27900,A,20.4,A,19.3,A,19.9,A,106.0,A,88.0,A,94.0,A,8.0,A,7.8,A,7.9,A,7.4,A,7.2,A,7.3,A,90.8,A,66.5,A,112.0,A
37,USGS,2035000,2022-05-30,,,,,,,19900,A,21.7,A,19.9,A,20.4,A,118.0,A,104.0,A,114.0,A,8.1,A,7.9,A,8.0,A,7.5,A,7.4,A,7.4,A,52.0,A,34.0,A,73.6,A
38,USGS,2035000,2022-05-31,,,,,,,14100,A,23.2,A,21.5,A,22.0,A,104.0,A,94.0,A,95.0,A,7.9,A,7.6,A,7.8,A,7.4,A,7.3,A,7.3,A,34.0,A,26.7,A,52.4,A
39,USGS,2035000,2022-06-01,,,,,,,10700,A,24.8,A,23.1,A,23.8,A,101.0,A,95.0,A,98.0,A,7.6,A,7.3,A,7.5,A,7.4,A,7.3,A,7.4,A,22.2,A,16.3,A,35.9,A
40,USGS,2035000,2022-06-02,,,,,,,8880,A,25.6,A,24.3,A,24.8,A,106.0,A,101.0,A,105.0,A,7.4,A,7.2,A,7.3,A,7.5,A,7.4,A,7.4,A,16.2,A,12.7,A,27.1,A
41,USGS,2035000,2022-06-03,,,,,,,8110,A,25.4,A,24.7,A,25.2,A,110.0,A,106.0,A,109.0,A,7.3,A,7.2,A,7.2,A,7.5,A,7.4,A,7.5,A,13.7,A,12.6,A,15.6,A
42,USGS,2035000,2022-06-04,,,,,,,7260,A,25.3,A,24.0,A,24.7,A,117.0,A,109.0,A,114.0,A,7.5,A,7.3,A,7.4,A,7.6,A,7.5,A,7.5,A,13.4,A,11.4,A,18.8,A
43,USGS,2035000,2022-06-05,,,,,,,6030,A,25.5,A,23.9,A,24.6,A,122.0,A,116.0,A,120.0,A,7.6,A,7.5,A,7.5,A,7.7,A,7.5,A,7.6,A,12.7,A,9.0,A,17.2,A
44,USGS,2035000,2022-06-06,0.28,A,0.23,A,0.25,A,5030,A,25.6,A,23.8,A,24.6,A,128.0,A,122.0,A,124.0,A,7.8,A,7.6,A,7.7,A,7.8,A,7.6,A,7.7,A,8.3,A,6.3,A,14.6,A
45,USGS,2035000,2022-06-07,0.26,A,0.23,A,0.24,A,4370,A,24.9,A,24.1,A,24.5,A,133.0,A,128.0,A,130.0,A,7.8,A,7.6,A,7.6,A,8.0,A,7.6,A,7.8,A,6.4,A,5.3,A,19.8,A
46,USGS,2035000,2022-06-08,0.34,A,0.23,A,0.23,A,4000,A,26.0,A,24.0,A,25.0,A,138.0,A,132.0,A,136.0,A,7.8,A,7.4,A,7.6,A,7.7,A,7.5,A,7.6,A,6.4,A,4.8,A,23.1,A
47,USGS,2035000,2022-06-09,0.39,A,0.23,A,0.26,A,4120,A,26.3,A,24.7,A,25.4,A,136.0,A,117.0,A,126.0,A,7.4,A,7.2,A,7.3,A,7.6,A,7.5,A,7.5,A,9.8,A,8.4,A,12.9,A
48,USGS,2035000,2022-06-10,0.23,A,0.19,A,0.21,A,4090,A,26.3,A,24.5,A,25.4,A,125.0,A,120.0,A,122.0,A,7.8,A,7.3,A,7.5,A,7.9,A,7.5,A,7.7,A,6.9,A,5.7,A,11.7,A
49,USGS,2035000,2022-06-11,0.19,A,0.17,A,0.18,A,3710,A,25.9,A,24.6,A,25.2,A,134.0,A,125.0,A,128.0,A,7.9,A,7.4,A,7.6,A,8.1,A,7.7,A,7.9,A,5.6,A,4.5,A,18.0,A
50,USGS,2035000,2022-06-12,0.5,A,0.16,A,0.33,A,6400,A,25.2,A,23.1,A,23.6,A,135.0,A,87.0,A,116.0,A,7.6,A,7.0,A,7.2,A,7.8,A,7.0,A,7.3,A,85.2,A,5.0,A,209.0,A
51,USGS,2035000,2022-06-13,,,,,,,6900,A,25.7,A,23.0,A,24.0,A,112.0,A,90.0,A,95.0,A,7.1,A,7.0,A,7.0,A,7.3,A,7.0,A,7.1,A,39.6,A,20.1,A,76.6,A
52,USGS,2035000,2022-06-14,,,,,,,4530,A,26.0,A,25.6,A,25.8,A,129.0,A,112.0,A,118.0,A,7.1,A,6.9,A,7.0,A,7.4,A,7.2,A,7.4,A,13.0,A,9.9,A,23.0,A
53,USGS,2035000,2022-06-15,,,,,,,3840,A,27.2,A,25.0,A,25.9,A,137.0,A,126.0,A,128.0,A,7.6,A,6.9,A,7.3,A,7.6,A,7.3,A,7.5,A,9.7,A,8.5,A,12.0,A
54,USGS,2035000,2022-06-16,,,,,,,3550,A,28.5,A,26.3,A,27.4,A,150.0,A,137.0,A,143.0,A,7.7,A,7.1,A,7.3,A,7.9,A,7.5,A,7.6,A,8.0,A,6.0,A,12.3,A
55,USGS,2035000,2022-06-17,,,,,,,4130,A,27.5,A,25.7,A,26.5,A,152.0,A,103.0,A,114.0,A,7.2,A,6.2,A,6.6,A,7.7,A,7.1,A,7.2,A,39.2,A,7.8,A,93.9,A
56,USGS,2035000,2022-06-18,0.26,A,0.17,A,0.2,A,3330,A,28.1,A,26.0,A,26.7,A,160.0,A,117.0,A,144.0,A,7.5,A,6.6,A,6.9,A,7.9,A,7.2,A,7.6,A,15.8,A,7.0,A,33.8,A
57,USGS,2035000,2022-06-19,0.17,A,0.11,A,0.16,A,2940,A,26.5,A,24.7,A,25.7,A,170.0,A,159.0,A,161.0,A,8.0,A,7.1,A,7.5,A,8.3,A,7.7,A,8.0,A,6.8,A,5.3,A,10.8,A
58,USGS,2035000,2022-06-20,0.13,A,0.03,A,0.1,A,2880,A,25.6,A,24.1,A,24.8,A,172.0,A,166.0,A,170.0,A,8.4,A,7.5,A,7.9,A,8.6,A,8.0,A,8.2,A,5.2,A,3.8,A,10.7,A
59,USGS,2035000,2022-06-21,,,,,,,2720,A,26.4,A,23.9,A,24.8,A,174.0,A,169.0,A,172.0,A,8.5,A,7.7,A,7.9,A,8.6,A,8.1,A,8.3,A,4.2,A,3.1,A,6.7,A
60,USGS,2035000,2022-06-22,,,,,,,2540,A,26.7,A,24.8,A,25.8,A,179.0,A,174.0,A,176.0,A,8.2,A,7.3,A,7.7,A,8.6,A,8.2,A,8.3,A,3.8,A,2.7,A,10.3,A
61,USGS,2035000,2022-06-23,,,,,,,5080,A,26.0,A,23.6,A,25.4,A,179.0,A,88.0,A,170.0,A,7.3,A,6.2,A,6.9,A,8.2,A,6.9,A,7.8,A,10.4,A,4.8,A,105.0,A
62,USGS,2035000,2022-06-24,,,,,,,5440,A,25.8,A,23.4,A,24.1,A,111.0,A,88.0,A,97.0,A,6.7,A,6.3,A,6.6,A,7.2,A,6.9,A,7.1,A,55.1,A,26.2,A,87.2,A
63,USGS,2035000,2022-06-25,0.35,A,0.26,A,0.28,A,3520,A,28.0,A,24.8,A,26.0,A,138.0,A,111.0,A,125.0,A,7.4,A,6.7,A,7.0,A,7.6,A,7.2,A,7.5,A,15.3,A,9.9,A,31.4,A
64,USGS,2035000,2022-06-26,0.26,A,0.18,A,0.21,A,2840,A,28.6,A,26.3,A,27.4,A,147.0,A,138.0,A,142.0,A,8.2,A,6.8,A,7.3,A,8.1,A,7.5,A,7.7,A,8.6,A,6.8,A,15.1,A
65,USGS,2035000,2022-06-27,0.18,A,0.13,A,0.15,A,2840,A,28.0,A,26.8,A,27.5,A,159.0,A,147.0,A,156.0,A,7.8,A,6.8,A,7.3,A,8.0,A,7.6,A,7.8,A,6.9,A,4.8,A,15.7,A
66,USGS,2035000,2022-06-28,0.22,A,0.13,A,0.19,A,3540,A,27.3,A,25.4,A,26.3,A,159.0,A,135.0,A,144.0,A,8.0,A,6.9,A,7.3,A,7.8,A,7.5,A,7.6,A,9.8,A,7.5,A,12.3,A
67,USGS,2035000,2022-06-29,0.23,A,0.14,A,0.18,A,2710,A,28.0,A,25.1,A,26.2,A,153.0,A,137.0,A,149.0,A,8.4,A,7.1,A,7.5,A,8.2,A,7.5,A,7.7,A,5.3,A,4.3,A,8.6,A
68,USGS,2035000,2022-06-30,,,,,,,2330,A,28.9,A,26.4,A,27.8,A,162.0,A,149.0,A,153.0,A,8.2,A,7.0,A,7.3,A,8.2,A,7.6,A,7.8,A,5.4,A,3.5,A,13.3,A
69,USGS,2035000,2022-07-01,,,,,,,2110,A,30.5,A,27.6,A,29.0,A,181.0,A,162.0,A,173.0,A,8.4,A,6.7,A,7.2,A,8.6,A,7.7,A,7.9,A,4.8,A,3.0,A,24.1,A
70,USGS,2035000,2022-07-02,,,,,,,2030,A,30.5,A,28.6,A,29.6,A,186.0,A,181.0,A,183.0,A,8.0,A,6.6,A,7.0,A,8.5,A,7.8,A,8.0,A,4.0,A,2.6,A,12.7,A
71,USGS,2035000,2022-07-03,,,,,,,1970,A,30.4,A,28.6,A,29.4,A,190.0,A,186.0,A,188.0,A,8.8,A,6.4,A,7.4,A,8.6,A,7.7,A,8.0,A,3.6,A,2.4,A,6.7,A
72,USGS,2035000,2022-07-04,,,,,,,2190,A,30.3,A,27.5,A,28.8,A,199.0,A,190.0,A,193.0,A,9.0,A,6.7,A,7.4,A,8.7,A,7.8,A,8.1,A,3.3,A,2.3,A,8.3,A
73,USGS,2035000,2022-07-05,,,,,,,2010,A,29.2,A,28.1,A,28.7,A,202.0,A,193.0,A,198.0,A,8.4,A,6.6,A,7.2,A,8.5,A,7.7,A,8.0,A,2.7,A,2.2,A,4.1,A
74,USGS,2035000,2022-07-06,0.09,A,0.02,A,0.07,A,1940,A,29.5,A,27.5,A,28.3,A,194.0,A,190.0,A,192.0,A,8.8,A,6.5,A,7.2,A,8.5,A,7.6,A,7.8,A,2.6,A,2.1,A,3.8,A
75,USGS,2035000,2022-07-07,,,,,,,2020,A,29.7,A,27.8,A,28.7,A,198.0,A,193.0,A,196.0,A,8.6,A,6.5,A,7.3,A,8.3,A,7.6,A,7.8,A,2.7,A,2.1,A,3.5,A
76,USGS,2035000,2022-07-08,0.11,A,0.08,A,0.1,A,3120,A,29.9,A,28.3,A,28.9,A,214.0,A,194.0,A,202.0,A,8.1,A,6.4,A,7.0,A,8.1,A,7.6,A,7.7,A,3.4,A,3.0,A,5.0,A
77,USGS,2035000,2022-07-09,0.33,A,0.09,A,0.11,A,3650,A,29.1,A,26.7,A,28.5,A,211.0,A,128.0,A,202.0,A,6.9,A,5.9,A,6.5,A,7.7,A,7.0,A,7.6,A,3.9,A,2.7,A,22.1,A
78,USGS,2035000,2022-07-10,0.43,A,0.33,A,0.39,A,3760,A,26.7,A,24.4,A,24.9,A,128.0,A,103.0,A,110.0,A,6.7,A,5.9,A,6.2,A,7.1,A,7.0,A,7.0,A,45.5,A,19.2,A,82.9,A
79,USGS,2035000,2022-07-11,0.36,A,0.28,A,0.3,A,2940,A,26.8,A,23.7,A,24.8,A,148.0,A,123.0,A,128.0,A,8.2,A,6.7,A,7.3,A,7.7,A,7.1,A,7.4,A,10.3,A,8.0,A,19.2,A
80,USGS,2035000,2022-07-12,0.33,A,0.25,A,0.31,A,2530,A,28.4,A,25.1,A,26.4,A,169.0,A,148.0,A,164.0,A,8.4,A,6.9,A,7.4,A,8.1,A,7.4,A,7.7,A,5.3,A,4.3,A,8.5,A
81,USGS,2035000,2022-07-13,0.28,A,0.2,A,0.24,A,2340,A,29.4,A,27.1,A,28.0,A,189.0,A,169.0,A,178.0,A,8.3,A,6.7,A,7.3,A,8.3,A,7.6,A,7.9,A,4.3,A,3.4,A,5.8,A
82,USGS,2035000,2022-07-14,0.22,A,0.13,A,0.19,A,2290,A,30.1,A,27.6,A,28.8,A,198.0,A,187.0,A,192.0,A,8.3,A,6.6,A,7.2,A,8.4,A,7.7,A,7.9,A,4.1,A,2.8,A,13.2,A
83,USGS,2035000,2022-07-15,0.2,A,0.08,A,0.15,A,2350,A,30.4,A,27.8,A,29.0,A,210.0,A,184.0,A,197.0,A,8.5,A,6.5,A,7.2,A,8.5,A,7.6,A,7.9,A,4.1,A,3.1,A,6.9,A
84,USGS,2035000,2022-07-16,,,,,,,2650,A,29.3,A,27.4,A,28.0,A,184.0,A,148.0,A,160.0,A,7.2,A,6.3,A,6.8,A,7.9,A,7.3,A,7.6,A,7.1,A,5.2,A,11.2,A
85,USGS,2035000,2022-07-17,,,,,,,2080,A,29.1,A,26.6,A,28.2,A,203.0,A,170.0,A,195.0,A,7.7,A,6.3,A,6.9,A,8.1,A,7.5,A,7.8,A,6.6,A,5.4,A,14.4,A
86,USGS,2035000,2022-07-18,,,,,,,2430,A,29.9,A,27.5,A,28.6,A,198.0,A,154.0,A,157.0,A,7.6,A,6.4,A,6.8,A,7.9,A,7.4,A,7.6,A,7.2,A,5.6,A,19.0,A
87,USGS,2035000,2022-07-19,,,,,,,2550,A,30.0,A,28.2,A,29.0,A,165.0,A,134.0,A,162.0,A,7.5,A,6.3,A,6.7,A,8.0,A,7.4,A,7.6,A,7.7,A,5.6,A,9.0,A
88,USGS,2035000,2022-07-20,,,,,,,2560,A,30.3,A,27.6,A,28.7,A,144.0,A,132.0,A,136.0,A,7.5,A,6.3,A,6.7,A,7.8,A,7.3,A,7.5,A,8.8,A,6.5,A,12.8,A
89,USGS,2035000,2022-07-21,,,,,,,2220,A,30.2,A,28.6,A,29.5,A,165.0,A,144.0,A,158.0,A,7.4,A,6.3,A,6.7,A,7.9,A,7.5,A,7.6,A,6.6,A,5.2,A,10.5,A
90,USGS,2035000,2022-07-22,,,,,,,1950,A,,,,,,,,,,,,,,,,,,,,,,,,,5.9,A:[4],4.5,A:[4],9.6,A:[4]
91,USGS,2035000,2022-07-23,0.19,A,0.14,A,0.18,A,1840,A,32.0,A,28.8,A,30.2,A,198.0,A,193.0,A,196.0,A,8.6,A,6.7,A,7.2,A,8.6,A,7.8,A,8.1,A,4.8,A,3.5,A,11.8,A
92,USGS,2035000,2022-07-24,0.19,A,0.11,A,0.16,A,2060,A,32.1,A,29.6,A,30.6,A,213.0,A,196.0,A,202.0,A,8.5,A,6.6,A,7.2,A,8.7,A,8.0,A,8.2,A,4.3,A,3.2,A,5.3,A
93,USGS,2035000,2022-07-25,,,,,,,1670,A,31.8,A,29.9,A,30.6,A,226.0,A,213.0,A,224.0,A,8.4,A,6.5,A,7.0,A,8.6,A,8.0,A,8.2,A,3.3,A,2.0,A,6.5,A
94,USGS,2035000,2022-07-26,,,,,,,1860,A,30.0,A,28.3,A,29.4,A,225.0,A,161.0,A,216.0,A,7.6,A,6.3,A,6.8,A,8.2,A,7.6,A,7.9,A,3.7,A,2.6,A,8.9,A
95,USGS,2035000,2022-07-27,0.31,A,0.22,A,0.26,A,2090,A,28.3,A,27.1,A,28.1,A,173.0,A,146.0,A,153.0,A,7.2,A,6.4,A,6.7,A,7.6,A,7.5,A,7.5,A,11.7,A,4.9,A,16.9,A
96,USGS,2035000,2022-07-28,0.24,A,0.18,A,0.2,A,2350,A,29.7,A,27.6,A,28.4,A,193.0,A,173.0,A,185.0,A,8.1,A,6.5,A,7.1,A,8.1,A,7.6,A,7.8,A,6.7,A,5.3,A,10.6,A
97,USGS,2035000,2022-07-29,0.22,A,0.16,A,0.18,A,2380,A,29.3,A,28.2,A,28.9,A,207.0,A,184.0,A,200.0,A,7.8,A,6.7,A,7.1,A,8.2,A,7.7,A,7.8,A,5.1,A,3.6,A,8.7,A
98,USGS,2035000,2022-07-30,0.27,A,0.18,A,0.24,A,2830,A,28.7,A,26.5,A,27.9,A,184.0,A,145.0,A,160.0,A,7.6,A,6.4,A,6.8,A,7.7,A,7.4,A,7.6,A,14.4,A,8.6,A,27.6,A
99,USGS,2035000,2022-07-31,0.32,A,0.13,A,0.17,A,3560,A,27.8,A,25.6,A,26.8,A,193.0,A,178.0,A,186.0,A,7.4,A,6.9,A,7.1,A,7.8,A,7.6,A,7.7,A,8.6,A,6.8,A,22.3,A
100,USGS,2035000,2022-08-01,0.32,A,0.2,A,0.23,A,3450,A,27.4,A,25.1,A,26.0,A,191.0,A,178.0,A,184.0,A,7.9,A,7.0,A,7.4,A,7.8,A,7.5,A,7.6,A,10.8,A,7.7,A,20.6,A
101,USGS,2035000,2022-08-02,0.23,A,0.17,A,0.2,A,3870,A,28.7,A,25.6,A,27.0,A,214.0,A,150.0,A,174.0,A,7.9,A,6.8,A,7.2,A,7.9,A,7.4,A,7.6,A,13.8,A,8.8,A,22.3,A
102,USGS,2035000,2022-08-03,0.2,A,0.11,A,0.16,A,3820,A,30.3,A,27.7,A,28.6,A,241.0,A,214.0,A,237.0,A,8.3,A,6.9,A,7.3,A,8.3,A,7.8,A,8.0,A,6.1,A,4.8,A,11.2,A
103,USGS,2035000,2022-08-04,0.15,A,0.09,A,0.12,A,2650,A,31.0,A,28.5,A,29.6,A,248.0,A,240.0,A,243.0,A,8.5,A,6.8,A,7.3,A,8.5,A,7.9,A,8.1,A,4.0,A,3.2,A,6.3,A
104,USGS,2035000,2022-08-05,0.46,A,0.08,A,0.1,A,2520,A,30.8,A,26.2,A,29.6,A,248.0,A,108.0,A,237.0,A,8.2,A,6.6,A,7.1,A,8.5,A,7.2,A,8.1,A,4.2,A,2.5,A,148.0,A
105,USGS,2035000,2022-08-06,,,,,,,3000,A,27.7,A,25.1,A,26.4,A,137.0,A,93.0,A,114.0,A,6.9,A,6.3,A,6.6,A,7.4,A,7.1,A,7.2,A,44.0,A,19.3,A,165.0,A
106,USGS,2035000,2022-08-07,0.23,A,0.13,A,0.16,A,2920,A,29.8,A,26.9,A,28.0,A,188.0,A,137.0,A,172.0,A,8.1,A,6.6,A,7.2,A,8.0,A,7.4,A,7.7,A,8.9,A,7.0,A,19.3,A
107,USGS,2035000,2022-08-08,,,,,,,2690,A,31.0,A,28.2,A,29.4,A,219.0,A,188.0,A,209.0,A,8.2,A,6.8,A,7.2,A,8.3,A,7.8,A,8.0,A,6.6,A,4.6,A,8.4,A
108,USGS,2035000,2022-08-09,0.13,A,0.01,A,0.1,A,2970,A,31.9,A,29.3,A,30.4,A,226.0,A,219.0,A,223.0,A,8.4,A,6.6,A,7.1,A,8.5,A,7.9,A,8.1,A,5.8,A,4.0,A,9.7,A
109,USGS,2035000,2022-08-10,,,,,,,2800,A,32.1,A,29.9,A,30.8,A,225.0,A,202.0,A,217.0,A,8.3,A,6.5,A,6.9,A,8.5,A,7.9,A,8.0,A,4.6,A,2.8,A,59.7,A
110,USGS,2035000,2022-08-11,0.22,A,0.15,A,0.19,A,3060,A,30.1,A,27.5,A,28.3,A,209.0,A,140.0,A,167.0,A,7.0,A,6.2,A,6.6,A,7.9,A,7.5,A,7.5,A,12.7,A,9.0,A,18.0,A
111,USGS,2035000,2022-08-12,0.22,A,0.14,A,0.18,A,3140,A,28.8,A,26.8,A,27.6,A,175.0,A,149.0,A,171.0,A,8.2,A,6.6,A,7.3,A,8.2,A,7.5,A,7.8,A,7.9,A,6.4,A,13.2,A
112,USGS,2035000,2022-08-13,,,,,,,2880,A,28.4,A,26.1,A,27.3,A,191.0,A,175.0,A,181.0,A,8.9,A,7.0,A,7.7,A,8.6,A,7.8,A,8.1,A,5.9,A,4.5,A,9.2,A
113,USGS,2035000,2022-08-14,,,,,,,3120,A,27.3,A,26.2,A,26.8,A,204.0,A,191.0,A,199.0,A,8.5,A,7.2,A,7.6,A,8.4,A,7.9,A,8.1,A,4.4,A,3.3,A,9.6,A
114,USGS,2035000,2022-08-15,,,,,,,2290,A,26.6,A,24.4,A,25.4,A,232.0,A,204.0,A,224.0,A,8.3,A,7.1,A,7.5,A,8.3,A,7.9,A,8.0,A,4.4,A:[4],3.4,A:[4],9.9,A:[4]
115,USGS,2035000,2022-08-16,,,,,,,2050,A,24.8,A,23.6,A,24.1,A,237.0,A,232.0,A,236.0,A,9.1,A,7.3,A,8.0,A,8.4,A,7.8,A,8.0,A,3.8,A,2.7,A,9.2,A
116,USGS,2035000,2022-08-17,,,,,,,2380,A,25.3,A,23.1,A,24.2,A,237.0,A,219.0,A,228.0,A,9.3,A,7.7,A,8.3,A,8.4,A,7.9,A,8.0,A,3.6,A,3.0,A,5.6,A
117,USGS,2035000,2022-08-18,0.2,A,0.13,A,0.15,A,2540,A,26.1,A,23.6,A,24.8,A,237.0,A,220.0,A,231.0,A,9.4,A,7.7,A,8.2,A,8.5,A,7.9,A,8.1,A,3.4,A,2.6,A,8.5,A
118,USGS,2035000,2022-08-19,0.15,A,0.09,A,0.13,A,2340,A,27.2,A,24.8,A,25.8,A,240.0,A,235.0,A,238.0,A,9.6,A,7.5,A,8.2,A,8.7,A,8.0,A,8.2,A,3.2,A,2.6,A,7.7,A
119,USGS,2035000,2022-08-20,0.19,A,0.01,A,0.09,A,2390,A,27.8,A,25.9,A,26.7,A,243.0,A,233.0,A,240.0,A,9.2,A,7.4,A,8.0,A,8.7,A,8.1,A,8.3,A,3.5,A,2.7,A,5.2,A
120,USGS,2035000,2022-08-21,0.14,A,0.05,A,0.09,A,2320,A,26.8,A,25.6,A,26.1,A,233.0,A,194.0,A,221.0,A,8.5,A,7.3,A,7.6,A,8.4,A,7.8,A,8.1,A,3.3,A,2.5,A,20.7,A
121,USGS,2035000,2022-08-22,0.33,A,0.11,A,0.18,A,7580,A,25.8,A,24.4,A,25.2,A,208.0,A,90.0,A,176.0,A,7.4,A,6.6,A,6.8,A,7.8,A,7.2,A,7.6,A,49.1,A:[4],6.0,A:[4],101.0,A:[4]
122,USGS,2035000,2022-08-23,,,,,,,7520,A,24.5,A,22.1,A,23.2,A,90.0,A,46.0,A,62.0,A,6.8,A,6.1,A,6.3,A,7.2,A,6.4,A,6.7,A,103.0,A,51.0,A,208.0,A
123,USGS,2035000,2022-08-24,,,,,,,5500,A,27.1,A,24.5,A,25.6,A,167.0,A,73.0,A,112.0,A,7.1,A,6.7,A,6.9,A,7.5,A,6.9,A,7.2,A,30.0,A,17.9,A,51.5,A
124,USGS,2035000,2022-08-25,,,,,,,4070,A,27.4,A,26.1,A,26.8,A,185.0,A,167.0,A,181.0,A,7.7,A,7.1,A,7.3,A,7.8,A,7.5,A,7.7,A,13.6,A,9.7,A,19.2,A
125,USGS,2035000,2022-08-26,,,,,,,2840,A,28.9,A,26.2,A,27.4,A,205.0,A,177.0,A,184.0,A,8.3,A,7.0,A,7.4,A,8.2,A,7.7,A,7.9,A,10.2,A,8.3,A,33.9,A
126,USGS,2035000,2022-08-27,,,,,,,2630,A,29.6,A,27.0,A,28.2,A,229.0,A,205.0,A,222.0,A,8.5,A,7.0,A,7.4,A,8.4,A,7.8,A,8.0,A,8.4,A,3.8,A,11.7,A
127,USGS,2035000,2022-08-28,,,,,,,2390,A,30.1,A,27.5,A,28.6,A,234.0,A,228.0,A,231.0,A,8.7,A,7.0,A,7.4,A,8.6,A,8.0,A,8.1,A,5.3,A,3.5,A,23.6,A
128,USGS,2035000,2022-08-29,,,,,,,2150,A,30.4,A,28.0,A,29.1,A,234.0,A,230.0,A,230.0,A,8.9,A,6.9,A,7.5,A,8.7,A,8.0,A,8.2,A,4.6,A,3.0,A,8.0,A
129,USGS,2035000,2022-08-30,,,,,,,1930,A,30.1,A,28.2,A,29.0,A,238.0,A,234.0,A,236.0,A,8.9,A,6.8,A,7.3,A,8.7,A,8.0,A,8.2,A,4.1,A,3.1,A,17.8,A
130,USGS,2035000,2022-08-31,,,,,,,1920,A,29.4,A,27.5,A,28.5,A,236.0,A,226.0,A,233.0,A,9.3,A,6.7,A,7.6,A,8.7,A,8.0,A,8.2,A,3.3,A,2.5,A,6.7,A
131,USGS,2035000,2022-09-01,,,,,,,1930,A,29.0,A,26.6,A,27.8,A,226.0,A,204.0,A,210.0,A,9.5,A,7.0,A,7.8,A,8.8,A,8.0,A,8.3,A,3.6,A,2.6,A,7.7,A
132,USGS,2035000,2022-09-02,0.05,A,0.01,A,0.03,A,1840,A,28.9,A,26.3,A,27.6,A,212.0,A,202.0,A,205.0,A,9.7,A,7.0,A,7.9,A,8.9,A,8.0,A,8.4,A,3.7,A,2.4,A,7.1,A
133,USGS,2035000,2022-09-03,,,,,,,1730,A,29.0,A,26.8,A,27.9,A,227.0,A,212.0,A,219.0,A,9.8,A,7.0,A,8.0,A,8.9,A,8.1,A,8.4,A,3.8,A,2.5,A,8.0,A
134,USGS,2035000,2022-09-04,,,,,,,1950,A,28.7,A,27.0,A,27.9,A,240.0,A,227.0,A,229.0,A,9.4,A,7.0,A,7.6,A,8.8,A,8.1,A,8.3,A,,,2.5,A:[4],5.6,A:[4]
135,USGS,2035000,2022-09-05,0.07,A,0.01,A,0.03,A,1730,A,28.4,A,27.1,A,27.7,A,250.0,A,240.0,A,246.0,A,9.4,A,6.9,A,7.6,A,8.8,A,8.1,A,8.3,A,,,,,,
136,USGS,2035000,2022-09-06,0.07,A,0.01,A,0.05,A,1630,A,29.2,A,26.9,A,28.2,A,250.0,A,240.0,A,242.0,A,9.8,A,6.9,A,7.8,A,8.8,A,8.0,A,8.3,A,,,1.3,A:[4],2.4,A:[4]
137,USGS,2035000,2022-09-07,0.08,A,0.04,A,0.05,A,1630,A,29.3,A,27.4,A,28.0,A,242.0,A,233.0,A,240.0,A,9.5,A,6.8,A,7.5,A,8.8,A,8.0,A,8.2,A,1.8,A,1.3,A,3.7,A
138,USGS,2035000,2022-09-08,0.16,A,0.07,A,0.1,A,2450,A,27.7,A,25.8,A,26.6,A,233.0,A,205.0,A,211.0,A,8.0,A,6.7,A,7.2,A,8.2,A,7.8,A,8.0,A,2.6,A,2.0,A,3.9,A
139,USGS,2035000,2022-09-09,0.2,A,0.14,A,0.18,A,3440,A,26.3,A,24.7,A,25.5,A,207.0,A,166.0,A,180.0,A,8.4,A,6.9,A,7.5,A,8.0,A,7.6,A,7.8,A,3.9,A,3.4,A,5.2,A
140,USGS,2035000,2022-09-10,0.19,A,0.1,A,0.12,A,3100,A,25.3,A,24.2,A,24.8,A,193.0,A,169.0,A,174.0,A,8.4,A,7.2,A,7.8,A,8.1,A,7.7,A,7.9,A,3.4,A,2.8,A,4.1,A
141,USGS,2035000,2022-09-11,,,,,,,2650,A,25.6,A,24.2,A,24.6,A,208.0,A,171.0,A,201.0,A,8.9,A,7.3,A,7.6,A,8.3,A,7.6,A,7.8,A,3.3,A,2.5,A,150.0,A
142,USGS,2035000,2022-09-12,,,,,,,2800,A,26.5,A,24.5,A,25.3,A,216.0,A,204.0,A,214.0,A,8.9,A,7.3,A,7.7,A,8.3,A,7.8,A,7.9,A,3.4,A,2.8,A,10.0,A
143,USGS,2035000,2022-09-13,0.23,A,0.1,A,0.13,A,3510,A,26.2,A,24.1,A,25.4,A,219.0,A,145.0,A,211.0,A,8.1,A,7.0,A,7.4,A,8.1,A,7.4,A,7.9,A,3.6,A,2.5,A,13.1,A
144,USGS,2035000,2022-09-14,0.21,A,0.19,A,0.2,A,3610,A,25.4,A,23.4,A,24.1,A,184.0,A,148.0,A,165.0,A,8.2,A,7.1,A,7.6,A,7.9,A,7.4,A,7.7,A,7.6,A,5.7,A,11.5,A
145,USGS,2035000,2022-09-15,0.21,A,0.11,A,0.15,A,2930,A,25.3,A,23.2,A,24.2,A,212.0,A,184.0,A,202.0,A,9.1,A,7.4,A,8.1,A,8.4,A,7.7,A,8.0,A,3.6,A,3.0,A,6.0,A
146,USGS,2035000,2022-09-16,0.11,A,0.07,A,0.09,A,2560,A,25.5,A,23.4,A,24.4,A,214.0,A,201.0,A,210.0,A,9.4,A,7.6,A,8.2,A,8.6,A,7.9,A,8.2,A,2.6,A,2.0,A,4.4,A
147,USGS,2035000,2022-09-17,0.09,A,0.03,A,0.07,A,2270,A,25.6,A,23.4,A,24.5,A,201.0,A,196.0,A,198.0,A,9.7,A,7.7,A,8.3,A,8.8,A,8.0,A,8.3,A,2.2,A,1.8,A,3.3,A
148,USGS,2035000,2022-09-18,,,,,,,2020,A,25.5,A,23.3,A,24.4,A,218.0,A,199.0,A,210.0,A,9.8,A,7.7,A,8.3,A,8.8,A,8.1,A,8.4,A,2.1,A,1.6,A,8.3,A
149,USGS,2035000,2022-09-19,,,,,,,1890,A,25.7,A,23.6,A,24.9,A,236.0,A,218.0,A,230.0,A,9.6,A,7.6,A,8.1,A,8.8,A,8.1,A,8.4,A,1.7,A,1.4,A,2.4,A
150,USGS,2035000,2022-09-20,,,,,,,1790,A,26.7,A,24.1,A,25.5,A,246.0,A,236.0,A,243.0,A,9.7,A,7.5,A,8.0,A,8.8,A,8.1,A,8.4,A,1.6,A,1.2,A,4.2,A
151,USGS,2035000,2022-09-21,,,,,,,1730,A,27.0,A,24.5,A,25.9,A,246.0,A,243.0,A,244.0,A,9.8,A,7.3,A,8.0,A,8.8,A,8.1,A,8.3,A,1.5,A,1.0,A,3.2,A
152,USGS,2035000,2022-09-22,0.05,A,0.01,A,0.04,A,1600,A,25.9,A,23.7,A,25.3,A,246.0,A,240.0,A,242.0,A,8.8,A,7.2,A,7.7,A,8.6,A,8.1,A,8.2,A,1.4,A,1.0,A,5.5,A
153,USGS,2035000,2022-09-23,0.07,A,0.03,A,0.05,A,1570,A,23.7,A,21.7,A,22.9,A,244.0,A,234.0,A,237.0,A,9.9,A,7.4,A,8.4,A,8.7,A,8.0,A,8.2,A,1.4,A,1.0,A,3.4,A
154,USGS,2035000,2022-09-24,0.07,A,0.02,A,0.04,A,1640,A,22.2,A,20.6,A,21.5,A,238.0,A,235.0,A,236.0,A,10.1,A,8.0,A,8.8,A,8.7,A,8.0,A,8.3,A,1.4,A,1.1,A,3.1,A
155,USGS,2035000,2022-09-25,0.07,A,0.02,A,0.05,A,1730,A,21.7,A,20.3,A,21.1,A,239.0,A,235.0,A,238.0,A,9.7,A,8.1,A,8.5,A,8.6,A,8.1,A,8.2,A,1.3,A,0.9,A,2.0,A
156,USGS,2035000,2022-09-26,0.08,A,0.03,A,0.06,A,1690,A:e,22.5,A,20.4,A,21.5,A,249.0,A,235.0,A,244.0,A,9.9,A,8.0,A,8.6,A,8.7,A,8.0,A,8.3,A,1.4,A,1.0,A,3.9,A
157,USGS,2035000,2022-09-27,,,,,,,1480,A:e,22.2,A,20.2,A,21.2,A,258.0,A,249.0,A,253.0,A,10.1,A,8.0,A,8.8,A,8.7,A,8.1,A,8.3,A,1.3,A,1.0,A,2.6,A
158,USGS,2035000,2022-09-28,,,,,,,1410,A,21.3,A,19.1,A,20.3,A,268.0,A,258.0,A,263.0,A,10.3,A,8.2,A,9.0,A,8.7,A,8.1,A,8.4,A,1.1,A,0.8,A,3.9,A
159,USGS,2035000,2022-09-29,,,,,,,1280,A,20.0,A,18.6,A,19.4,A,276.0,A,268.0,A,272.0,A,10.4,A,8.3,A,9.3,A,8.7,A,8.1,A,8.4,A,1.2,A,1.0,A,2.9,A
160,USGS,2035000,2022-09-30,,,,,,,1370,A,19.0,A,16.8,A,17.8,A,276.0,A,262.0,A,274.0,A,9.5,A,8.6,A,8.9,A,8.4,A,8.1,A,8.3,A,1.3,A,1.0,A,13.2,A
161,USGS,2035000,2022-10-01,,,,,,,1540,A,16.9,A,16.4,A,16.6,A,262.0,A,251.0,A,257.0,A,9.5,A,8.7,A,8.8,A,8.1,A,7.8,A,8.0,A,2.0,A,1.5,A,6.3,A
162,USGS,2035000,2022-10-02,0.1,A,0.06,A,0.08,A,1940,A,16.5,A,15.8,A,16.5,A,253.0,A,220.0,A,234.0,A,9.0,A,8.6,A,8.8,A,7.8,A,7.8,A,7.8,A,1.8,A,1.5,A,2.6,A
163,USGS,2035000,2022-10-03,0.22,A,0.09,A,0.14,A,3220,A,15.8,A,15.1,A,15.5,A,228.0,A,206.0,A,220.0,A,9.8,A,8.8,A,9.4,A,7.9,A,7.7,A,7.8,A,2.6,A,2.0,A,3.9,A
164,USGS,2035000,2022-10-04,0.22,A,0.15,A,0.17,A,3750,A,15.6,A,14.8,A,15.2,A,206.0,A,198.0,A,200.0,A,9.9,A,9.3,A,9.5,A,7.9,A,7.7,A,7.8,A,2.9,A,2.3,A,4.0,A
165,USGS,2035000,2022-10-05,0.22,A,0.16,A,0.2,A,4060,A,17.2,A,15.5,A,16.4,A,261.0,A,205.0,A,239.0,A,9.8,A,9.2,A,9.4,A,8.1,A,7.8,A,7.9,A,2.9,A,2.4,A,3.6,A
166,USGS,2035000,2022-10-06,0.21,A,0.11,A,0.15,A,3260,A,19.0,A,16.5,A,17.6,A,288.0,A,261.0,A,274.0,A,9.9,A,9.0,A,9.2,A,8.2,A,7.9,A,8.0,A,2.0,A,1.6,A,2.8,A
167,USGS,2035000,2022-10-07,0.14,A,0.09,A,0.11,A,2790,A,19.7,A,17.5,A,18.4,A,298.0,A,285.0,A,294.0,A,9.9,A,8.8,A,9.0,A,8.3,A,8.0,A,8.1,A,1.9,A,1.3,A,3.3,A
168,USGS,2035000,2022-10-08,0.11,A,0.05,A,0.09,A,2330,A,19.4,A,18.0,A,18.7,A,285.0,A,251.0,A,256.0,A,10.0,A,8.7,A,9.1,A,8.4,A,8.0,A,8.1,A,1.8,A,1.4,A,2.6,A
169,USGS,2035000,2022-10-09,0.09,A,0.03,A,0.05,A,2000,A,18.3,A,16.5,A,17.5,A,277.0,A,258.0,A,269.0,A,10.5,A,9.0,A,9.4,A,8.5,A,8.1,A,8.2,A,1.6,A,1.1,A,6.2,A
170,USGS,2035000,2022-10-10,0.1,A,0.01,A,0.05,A,1930,A,17.7,A,15.5,A,16.6,A,277.0,A,265.0,A,272.0,A,10.7,A,9.3,A,9.7,A,8.5,A,8.1,A,8.2,A,1.4,A,1.0,A,7.8,A
171,USGS,2035000,2022-10-11,0.12,A,0.01,A,0.06,A,1730,A,17.6,A,15.0,A,16.5,A,266.0,A,246.0,A,252.0,A,11.0,A,9.4,A,9.9,A,8.6,A,8.1,A,8.2,A,1.2,A,1.0,A,4.7,A
172,USGS,2035000,2022-10-12,0.13,A,0.07,A,0.1,A,1720,A,16.9,A,15.4,A,16.4,A,247.0,A,243.0,A,245.0,A,10.8,A,9.4,A,9.8,A,8.5,A,8.1,A,8.2,A,1.3,A,0.9,A,2.3,A
173,USGS,2035000,2022-10-13,,,,,,,1700,A,,,,,,,,,,,,,,,,,,,,,,,,,1.4,A:[4],0.9,A:[4],7.6,A:[4]
174,USGS,2035000,2022-10-14,0.07,A,0.03,A,0.05,A,1680,A,19.6,A,17.5,A,18.4,A,259.0,A,250.0,A,257.0,A,10.3,A,8.6,A,9.1,A,8.5,A,8.0,A,8.1,A,1.3,A,0.9,A,2.8,A
175,USGS,2035000,2022-10-15,0.04,A,0.02,A,0.03,A,1890,A:e,18.5,A,16.9,A,17.8,A,250.0,A,244.0,A,247.0,A,10.2,A,8.7,A,9.2,A,8.4,A,8.0,A,8.1,A,1.7,A,1.1,A,5.0,A
176,USGS,2035000,2022-10-16,0.04,A,0.01,A,0.02,A,2210,A,18.0,A,16.9,A,17.6,A,245.0,A,232.0,A,238.0,A,9.7,A,8.8,A,9.0,A,8.2,A,7.9,A,8.0,A,1.6,A,1.1,A,2.4,A
177,USGS,2035000,2022-10-17,,,,,,,1920,A,18.3,A,17.3,A,17.7,A,232.0,A,224.0,A,228.0,A,9.8,A,8.5,A,8.9,A,8.2,A,7.9,A,8.0,A,1.8,A,1.2,A,3.3,A
178,USGS,2035000,2022-10-18,,,,,,,1830,A:e,17.5,A,15.3,A,16.6,A,224.0,A,215.0,A,218.0,A,10.1,A,8.7,A,9.3,A,8.3,A,7.9,A,8.0,A,1.5,A,1.2,A,3.0,A
179,USGS,2035000,2022-10-19,,,,,,,2130,A:e,15.3,A,13.4,A,14.2,A,216.0,A,214.0,A,214.0,A,10.5,A,9.2,A,9.8,A,8.3,A,7.9,A,8.1,A,1.4,A,1.1,A,3.4,A
180,USGS,2035000,2022-10-20,0.02,A,0.01,A,0.01,A,2060,A:e,13.8,A,12.3,A,13.2,A,225.0,A,214.0,A,220.0,A,11.0,A,9.8,A,10.2,A,8.4,A,7.9,A,8.1,A,1.2,A,1.0,A,3.1,A
181,USGS,2035000,2022-10-21,,,,,,,1910,A,14.1,A,12.0,A,13.1,A,228.0,A,225.0,A,225.0,A,11.2,A,10.0,A,10.4,A,8.4,A,8.0,A,8.1,A,1.2,A,1.0,A,3.1,A
182,USGS,2035000,2022-10-22,0.04,A,0.03,A,0.04,A,1840,A,14.3,A,12.1,A,13.4,A,231.0,A,228.0,A,230.0,A,11.2,A,10.0,A,10.4,A,8.4,A,8.0,A,8.1,A,1.2,A,1.0,A,2.8,A
183,USGS,2035000,2022-10-23,0.06,A,0.02,A,0.03,A,1780,A,14.1,A,12.6,A,13.4,A,233.0,A,230.0,A,232.0,A,11.2,A,10.0,A,10.4,A,8.4,A,8.0,A,8.1,A,1.3,A,1.0,A,2.3,A
184,USGS,2035000,2022-10-24,0.07,A,0.05,A,0.07,A,1700,A,15.8,A,13.3,A,15.0,A,233.0,A,231.0,A,233.0,A,11.0,A,9.8,A,10.2,A,8.4,A,8.0,A,8.1,A,1.4,A,1.1,A,2.4,A
185,USGS,2035000,2022-10-25,0.1,A,0.05,A,0.06,A,1630,A,15.7,A,14.7,A,15.0,A,233.0,A,231.0,A,232.0,A,10.6,A,9.4,A,9.7,A,8.3,A,8.0,A,8.1,A,1.6,A,1.2,A,2.5,A
186,USGS,2035000,2022-10-26,0.13,A,0.01,A,0.09,A,1580,A,16.0,A,15.0,A,15.4,A,234.0,A,230.0,A,231.0,A,10.2,A,9.2,A,9.4,A,8.3,A,8.0,A,8.0,A,1.6,A,1.3,A,2.3,A
187,USGS,2035000,2022-10-27,0.05,A,0.01,A,0.02,A,1580,A,16.4,A,14.5,A,15.4,A,237.0,A,230.0,A,232.0,A,10.4,A,9.1,A,9.6,A,8.3,A,7.9,A,8.0,A,1.6,A,1.4,A,2.3,A
188,USGS,2035000,2022-10-28,0.03,A,0.01,A,0.02,A,1580,A,15.0,A,13.9,A,14.3,A,249.0,A,237.0,A,240.0,A,10.3,A,9.3,A,9.7,A,8.2,A,7.9,A,8.0,A,1.4,A,1.2,A,2.8,A
189,USGS,2035000,2022-10-29,0.04,A,0.02,A,0.02,A,1560,A,15.3,A,13.3,A,14.3,A,266.0,A,249.0,A,258.0,A,10.7,A,9.5,A,9.9,A,8.3,A,7.9,A,8.1,A,1.4,A,1.2,A,2.6,A
190,USGS,2035000,2022-10-30,,,,,,,1550,A,14.6,A,13.1,A,14.4,A,278.0,A,266.0,A,270.0,A,10.6,A,9.6,A,9.9,A,8.3,A,8.0,A,8.0,A,1.5,A,1.2,A,3.3,A
191,USGS,2035000,2022-10-31,,,,,,,1540,A,15.2,A,14.1,A,15.0,A,281.0,A,271.0,A,279.0,A,10.3,A,9.2,A,9.6,A,8.2,A,7.9,A,8.0,A,1.5,A,1.3,A,1.9,A
192,USGS,2035000,2022-11-01,,,,,,,1580,A,,,,,,,,,,,,,,,,,,,,,,,,,,,1.4,A:[4],2.2,A:[4]
193,USGS,2035000,2022-11-02,,,,,,,1680,A,16.4,A,15.3,A,16.0,A,245.0,A,229.0,A,232.0,A,10.0,A,8.8,A,9.1,A,8.1,A,7.8,A,7.9,A,1.7,A,1.4,A,3.1,A
194,USGS,2035000,2022-11-03,,,,,,,1750,A,16.9,A,15.2,A,15.9,A,241.0,A,232.0,A,235.0,A,10.0,A,8.9,A,9.2,A,8.1,A,7.8,A,7.9,A,1.8,A,1.5,A,3.1,A
195,USGS,2035000,2022-11-04,,,,,,,1700,A,16.8,A,15.0,A,16.4,A,248.0,A,241.0,A,243.0,A,10.0,A,8.9,A,9.2,A,8.1,A,7.8,A,7.9,A,1.8,A,1.5,A,3.7,A
196,USGS,2035000,2022-11-05,,,,,,,1610,A:e,18.5,A,16.3,A,17.9,A,258.0,A,248.0,A,253.0,A,9.8,A,8.5,A,8.9,A,8.1,A,7.8,A,7.9,A,1.8,A,1.4,A,2.8,A
197,USGS,2035000,2022-11-06,,,,,,,1620,A,19.2,A,18.0,A,18.8,A,263.0,A,258.0,A,260.0,A,9.1,A,8.0,A,8.4,A,8.0,A,7.8,A,7.9,A,1.8,A,1.5,A,3.0,A
198,USGS,2035000,2022-11-07,,,,,,,1690,A,20.4,A,18.5,A,19.1,A,262.0,A,252.0,A,260.0,A,9.0,A,7.8,A,8.0,A,8.0,A,7.8,A,7.8,A,1.9,A,1.6,A,3.6,A
199,USGS,2035000,2022-11-08,,,,,,,2100,A,18.8,A,15.8,A,17.4,A,252.0,A,239.0,A,245.0,A,9.1,A,7.9,A,8.6,A,8.0,A,7.7,A,7.8,A,2.3,A,2.1,A,3.4,A
200,USGS,2035000,2022-11-09,,,,,,,2410,A,15.8,A,14.1,A,14.9,A,255.0,A,243.0,A,249.0,A,9.9,A,8.7,A,9.4,A,8.0,A,7.8,A,7.9,A,2.3,A,2.0,A,3.0,A
201,USGS,2035000,2022-11-10,,,,,,,2200,A,,,,,,,,,,,,,,,,,,,,,,,,,2.2,A:[4],2.0,A:[4],4.8,A:[4]
202,USGS,2035000,2022-11-11,,,,,,,2120,A,16.8,A,14.9,A,15.7,A,236.0,A,227.0,A,234.0,A,9.6,A,8.7,A,9.3,A,8.0,A,7.8,A,7.9,A,2.8,A,2.2,A,8.3,A
203,USGS,2035000,2022-11-12,,,,,,,8550,A,16.8,A,16.0,A,16.4,A,227.0,A,148.0,A,173.0,A,8.7,A,7.8,A,8.4,A,7.8,A,7.3,A,7.5,A,18.6,A,3.8,A,122.0,A
204,USGS,2035000,2022-11-13,0.25,A,0.08,A,0.17,A,21000,A,16.0,A,14.7,A,15.7,A,259.0,A,135.0,A,219.0,A,8.8,A,7.9,A,8.1,A,7.7,A,7.3,A,7.6,A,79.6,A,54.7,A,114.0,A
205,USGS,2035000,2022-11-14,,,,,,,16000,A,14.7,A,12.4,A,13.3,A,246.0,A,159.0,A,174.0,A,9.7,A,8.8,A,9.3,A,7.7,A,7.6,A,7.7,A,49.4,A,30.9,A,58.8,A
206,USGS,2035000,2022-11-15,0.41,A,0.38,A,0.4,A,9960,A,12.4,A,10.2,A,11.1,A,198.0,A,152.0,A,168.0,A,10.5,A,9.7,A,10.1,A,7.7,A,7.6,A,7.7,A,27.2,A,20.3,A,33.7,A
207,USGS,2035000,2022-11-16,0.42,A,0.38,A,0.4,A,9740,A,10.2,A,9.3,A,9.7,A,152.0,A,109.0,A,137.0,A,10.8,A,10.5,A,10.7,A,7.7,A,7.3,A,7.6,A,18.6,A,16.6,A,50.1,A
208,USGS,2035000,2022-11-17,0.45,A,0.39,A,0.4,A,13400,A,9.4,A,9.0,A,9.2,A,116.0,A,98.0,A,102.0,A,10.8,A,10.6,A,10.7,A,7.5,A,7.3,A,7.4,A,50.0,A,29.1,A,59.2,A
209,USGS,2035000,2022-11-18,0.48,A,0.44,A,0.47,A,13100,A,9.2,A,7.9,A,8.4,A,137.0,A,116.0,A,132.0,A,11.4,A,10.8,A,11.1,A,7.7,A,7.5,A,7.6,A,23.6,A,16.7,A,29.3,A
210,USGS,2035000,2022-11-19,0.49,A,0.46,A,0.47,A,9500,A,7.9,A,7.1,A,7.3,A,149.0,A,137.0,A,143.0,A,11.7,A,11.4,A,11.6,A,7.8,A,7.7,A,7.7,A,16.7,A,14.3,A,24.2,A
211,USGS,2035000,2022-11-20,0.46,A,0.45,A,0.45,A,7320,A,7.2,A,6.2,A,6.6,A,152.0,A,143.0,A,150.0,A,12.0,A,11.7,A,11.9,A,7.8,A,7.7,A,7.7,A,12.9,A,12.0,A,16.2,A
212,USGS,2035000,2022-11-21,0.45,A,0.42,A,0.43,A,5990,A,6.3,A,5.6,A,5.8,A,144.0,A,140.0,A,142.0,A,12.4,A,12.0,A,12.2,A,7.7,A,7.7,A,7.7,A,9.5,A,8.6,A,12.7,A
213,USGS,2035000,2022-11-22,0.44,A,0.43,A,0.43,A,5090,A,6.0,A,5.0,A,5.5,A,145.0,A,137.0,A,140.0,A,12.5,A,12.4,A,12.5,A,7.7,A,7.7,A,7.7,A,7.9,A,7.5,A,9.3,A
214,USGS,2035000,2022-11-23,0.44,A,0.43,A,0.43,A,4490,A,6.0,A,4.9,A,5.4,A,137.0,A,135.0,A,136.0,A,12.5,A,12.5,A,12.5,A,7.8,A,7.7,A,7.7,A,7.5,A,6.8,A,21.1,A
215,USGS,2035000,2022-11-24,0.44,A,0.43,A,0.44,A,3950,A,6.3,A,5.1,A,5.6,A,140.0,A,135.0,A,139.0,A,12.5,A,12.5,A,12.5,A,7.8,A,7.7,A,7.8,A,6.1,A,5.5,A,7.9,A
216,USGS,2035000,2022-11-25,0.44,A,0.43,A,0.43,A,3670,A,7.1,A,5.8,A,6.4,A,145.0,A,139.0,A,143.0,A,12.5,A,12.1,A,12.2,A,7.8,A,7.7,A,7.8,A,5.1,A,4.6,A,6.1,A
217,USGS,2035000,2022-11-26,0.44,A,0.42,A,0.43,A,3360,A,7.3,A,6.2,A,6.8,A,149.0,A,145.0,A,148.0,A,12.1,A,12.0,A,12.0,A,7.8,A,7.7,A,7.8,A,4.4,A,4.0,A,5.3,A
218,USGS,2035000,2022-11-27,0.43,A,0.4,A,0.41,A,3240,A,7.4,A,6.8,A,7.0,A,152.0,A,148.0,A,150.0,A,12.0,A,11.6,A,11.8,A,7.8,A,7.7,A,7.8,A,4.6,A,4.0,A,11.7,A
219,USGS,2035000,2022-11-28,0.42,A,0.38,A,0.39,A,3250,A,7.9,A,6.8,A,7.4,A,149.0,A,145.0,A,147.0,A,11.7,A,11.5,A,11.6,A,7.8,A,7.7,A,7.7,A,4.5,A,3.9,A,5.5,A
220,USGS,2035000,2022-11-29,0.42,A,0.4,A,0.41,A,3260,A,8.1,A,7.0,A,7.5,A,153.0,A,147.0,A,149.0,A,11.8,A,11.6,A,11.8,A,7.8,A,7.7,A,7.8,A,3.8,A,3.3,A,4.7,A
221,USGS,2035000,2022-11-30,0.43,A,0.4,A,0.41,A,3140,A:e,8.6,A,7.6,A,8.0,A,154.0,A,151.0,A,153.0,A,11.8,A,11.4,A,11.6,A,7.8,A,7.7,A,7.8,A,3.9,A,3.3,A,7.9,A
222,USGS,2035000,2022-12-01,0.43,A,0.41,A,0.41,A,3400,A,7.8,A,6.7,A,7.3,A,154.0,A,147.0,A,149.0,A,12.0,A,11.4,A,11.7,A,7.8,A,7.7,A,7.8,A,4.3,A,3.8,A,5.0,A
223,USGS,2035000,2022-12-02,0.44,A,0.42,A,0.43,A,3970,A,6.7,A,5.8,A,6.3,A,165.0,A,147.0,A,164.0,A,12.3,A,12.0,A,12.2,A,7.8,A,7.8,A,7.8,A,4.1,A,3.3,A,5.0,A
224,USGS,2035000,2022-12-03,0.47,A,0.44,A,0.45,A,3480,A,7.7,A,6.3,A,6.9,A,164.0,A,159.0,A,161.0,A,12.3,A,11.9,A,12.1,A,7.8,A,7.8,A,7.8,A,3.5,A,3.3,A,4.0,A
225,USGS,2035000,2022-12-04,0.48,A,0.46,A,0.47,A,3690,A,7.4,A,6.4,A,7.0,A,165.0,A,160.0,A,162.0,A,12.1,A,11.9,A,12.0,A,7.8,A,7.8,A,7.8,A,3.7,A,3.5,A,4.5,A
226,USGS,2035000,2022-12-05,0.48,A,0.43,A,0.44,A,4070,A,6.4,A,5.5,A,5.8,A,174.0,A,164.0,A,170.0,A,12.5,A,12.1,A,12.3,A,7.9,A,7.8,A,7.8,A,4.0,A,3.5,A,5.0,A
227,USGS,2035000,2022-12-06,0.45,A,0.42,A,0.44,A,3860,A,6.4,A,5.6,A,5.9,A,182.0,A,172.0,A,174.0,A,12.4,A,12.2,A,12.4,A,7.9,A,7.8,A,7.9,A,3.9,A,3.4,A,5.3,A
228,USGS,2035000,2022-12-07,0.45,A,0.42,A,0.43,A,4170,A,7.5,A,6.4,A,7.0,A,184.0,A,177.0,A,183.0,A,12.2,A,11.9,A,12.0,A,7.9,A,7.8,A,7.9,A,4.4,A,4.0,A,5.4,A
229,USGS,2035000,2022-12-08,0.42,A,0.38,A,0.39,A,5660,A,8.4,A,7.5,A,8.0,A,193.0,A,173.0,A,183.0,A,11.9,A,11.6,A,11.7,A,7.9,A,7.8,A,7.8,A,6.5,A,5.2,A,8.3,A
230,USGS,2035000,2022-12-09,0.4,A,0.38,A,0.39,A,8180,A,8.9,A,8.4,A,8.6,A,230.0,A,193.0,A,210.0,A,11.6,A,11.3,A,11.4,A,7.9,A,7.8,A,7.9,A,12.5,A,7.8,A,19.1,A
231,USGS,2035000,2022-12-10,0.4,A,0.34,A,0.38,A,8330,A,8.7,A,8.1,A,8.4,A,241.0,A,222.0,A,234.0,A,11.6,A,11.3,A,11.4,A,7.9,A,7.9,A,7.9,A,13.6,A,10.6,A,18.4,A
232,USGS,2035000,2022-12-11,0.36,A,0.34,A,0.34,A,7420,A,8.4,A,8.0,A,8.1,A,222.0,A,215.0,A,215.0,A,11.6,A,11.6,A,11.6,A,7.9,A,7.9,A,7.9,A,8.8,A,7.7,A,10.8,A
233,USGS,2035000,2022-12-12,0.37,A,0.35,A,0.36,A,7330,A,8.0,A,7.5,A,7.7,A,216.0,A,179.0,A,199.0,A,11.7,A,11.5,A,11.6,A,7.9,A,7.8,A,7.9,A,9.4,A,8.7,A,11.6,A
234,USGS,2035000,2022-12-13,0.37,A,0.35,A,0.36,A,6530,A,7.7,A,7.0,A,7.4,A,179.0,A,159.0,A,171.0,A,11.9,A,11.7,A,11.8,A,7.8,A,7.8,A,7.8,A,9.0,A,8.1,A,11.7,A
235,USGS,2035000,2022-12-14,0.38,A,0.36,A,0.37,A,5690,A,7.0,A,6.3,A,6.5,A,159.0,A,157.0,A,158.0,A,12.2,A,11.9,A,12.0,A,7.9,A,7.8,A,7.8,A,7.9,A,6.6,A,10.1,A
236,USGS,2035000,2022-12-15,0.39,A,0.35,A,0.37,A,6790,A,6.3,A,5.2,A,5.9,A,158.0,A,92.0,A,148.0,A,12.3,A,11.9,A,12.2,A,7.8,A,7.1,A,7.8,A,18.5,A,6.3,A,104.0,A
237,USGS,2035000,2022-12-16,0.51,A,0.39,A,0.48,A,17200,A,5.7,A,5.2,A,5.5,A,92.0,A,77.0,A,88.0,A,11.9,A,11.8,A,11.9,A,7.3,A,7.1,A,7.2,A,82.2,A,70.0,A,106.0,A
238,USGS,2035000,2022-12-17,0.52,A,0.46,A,0.5,A,18000,A,5.8,A,5.5,A,5.7,A,142.0,A,87.0,A,111.0,A,12.0,A,11.9,A,12.0,A,7.7,A,7.2,A,7.5,A,52.6,A,45.8,A,73.0,A
239,USGS,2035000,2022-12-18,0.47,A,0.43,A,0.45,A,15600,A,5.8,A,5.2,A,5.4,A,165.0,A,142.0,A,148.0,A,12.4,A,12.0,A,12.3,A,7.8,A,7.7,A,7.8,A,31.6,A,23.9,A,46.9,A
240,USGS,2035000,2022-12-19,0.48,A,0.43,A,0.45,A,11400,A,5.2,A,4.6,A,4.8,A,165.0,A,134.0,A,146.0,A,12.7,A,12.4,A,12.5,A,7.9,A,7.7,A,7.8,A,23.3,A,19.0,A,26.8,A
241,USGS,2035000,2022-12-20,0.46,A,0.44,A,0.45,A,9150,A,4.6,A,3.7,A,4.0,A,134.0,A,118.0,A,124.0,A,13.1,A,12.7,A,13.0,A,7.7,A,7.6,A,7.7,A,17.3,A,14.6,A,22.4,A
242,USGS,2035000,2022-12-21,0.48,A,0.46,A,0.47,A,7610,A,3.7,A,3.2,A,3.5,A,122.0,A,118.0,A,119.0,A,13.3,A,13.1,A,13.2,A,7.7,A,7.6,A,7.7,A,14.8,A,13.0,A,24.1,A
243,USGS,2035000,2022-12-22,0.49,A,0.47,A,0.48,A,7330,A,3.7,A,3.5,A,3.6,A,124.0,A,99.0,A,122.0,A,13.3,A,13.0,A,13.2,A,7.7,A,7.4,A,7.7,A,13.2,A,11.7,A,35.7,A
244,USGS,2035000,2022-12-23,0.58,A,0.42,A,0.54,A,30900,A,4.7,A,3.7,A,4.4,A,99.0,A,62.0,A,76.0,A,13.0,A,11.7,A,12.0,A,7.4,A,6.8,A,7.1,A,177.0,A,35.7,A,278.0,A
245,USGS,2035000,2022-12-24,0.64,A,0.56,A,0.62,A,27000,A,4.3,A,2.3,A,3.1,A,110.0,A,63.0,A,82.0,A,13.2,A,11.9,A,12.5,A,7.5,A,6.8,A,7.2,A,113.0,A,76.6,A,167.0,A
246,USGS,2035000,2022-12-25,0.63,A,0.58,A,0.6,A,20500,A,2.3,A,1.5,A,1.7,A,133.0,A,108.0,A,126.0,A,13.7,A,13.2,A,13.6,A,7.7,A,7.5,A,7.6,A,58.4,A,44.6,A,86.8,A
247,USGS,2035000,2022-12-26,0.6,A,0.56,A,0.57,A,14500,A,1.5,A,0.9,A,1.0,A,127.0,A,111.0,A,115.0,A,14.1,A,13.7,A,13.9,A,7.6,A,7.5,A,7.6,A,38.7,A,27.8,A,46.2,A
248,USGS,2035000,2022-12-27,0.58,A,0.56,A,0.57,A,11100,A,1.5,A,0.9,A,1.2,A,111.0,A,103.0,A,107.0,A,14.1,A,14.1,A,14.1,A,7.5,A,7.5,A,7.5,A,24.8,A,21.4,A,29.8,A
249,USGS,2035000,2022-12-28,0.6,A,0.56,A,0.59,A,9340,A,1.6,A,1.0,A,1.3,A,108.0,A,104.0,A,106.0,A,14.1,A,14.0,A,14.1,A,7.5,A,7.5,A,7.5,A,18.5,A,14.7,A,22.8,A
250,USGS,2035000,2022-12-29,0.62,A,0.59,A,0.61,A,8050,A,2.1,A,1.3,A,1.6,A,113.0,A,108.0,A,111.0,A,14.1,A,14.0,A,14.0,A,7.6,A,7.5,A,7.5,A,14.1,A,12.1,A,15.0,A
251,USGS,2035000,2022-12-30,0.64,A,0.61,A,0.62,A,7060,A,3.0,A,1.9,A,2.3,A,118.0,A,112.0,A,116.0,A,14.0,A,13.7,A,13.8,A,7.6,A,7.5,A,7.5,A,11.7,A,10.9,A,12.8,A
252,USGS,2035000,2022-12-31,0.64,A,0.62,A,0.62,A,6430,A,4.3,A,2.8,A,3.7,A,123.0,A,118.0,A,121.0,A,13.7,A,13.0,A,13.4,A,7.6,A,7.5,A,7.6,A,11.2,A,9.8,A,12.8,A
253,USGS,2035000,2023-01-01,0.62,A,0.55,A,0.6,A,7280,A,5.9,A,4.3,A,5.1,A,122.0,A,109.0,A,115.0,A,13.0,A,12.4,A,12.7,A,7.6,A,7.5,A,7.5,A,15.8,A,11.3,A,20.4,A
254,USGS,2035000,2023-01-02,0.6,A,0.58,A,0.59,A,8040,A,6.6,A,5.8,A,6.2,A,127.0,A,111.0,A,124.0,A,12.4,A,12.1,A,12.2,A,7.6,A,7.5,A,7.5,A,17.6,A,16.6,A,20.8,A
255,USGS,2035000,2023-01-03,0.61,A,0.59,A,0.6,A,6750,A,8.0,A,6.6,A,7.0,A,127.0,A,124.0,A,127.0,A,12.1,A,11.8,A,12.0,A,7.6,A,7.5,A,7.5,A,14.9,A,12.6,A,19.3,A
256,USGS,2035000,2023-01-04,0.61,A,0.58,A,0.59,A,6160,A,9.1,A,8.0,A,8.6,A,128.0,A,125.0,A,126.0,A,11.8,A,11.2,A,11.4,A,7.6,A,7.5,A,7.6,A,12.5,A,11.4,A,14.4,A
257,USGS,2035000,2023-01-05,0.59,A,0.57,A,0.58,A,5910,A,9.3,A,8.6,A,9.0,A,137.0,A,128.0,A,132.0,A,11.3,A,11.2,A,11.2,A,7.7,A,7.6,A,7.6,A,9.8,A,8.8,A,13.5,A
258,USGS,2035000,2023-01-06,0.57,A,0.55,A,0.56,A,5510,A:e,8.9,A,8.1,A,8.6,A,143.0,A,137.0,A,140.0,A,11.4,A,11.2,A,11.3,A,7.7,A,7.6,A,7.6,A,8.3,A,7.3,A,9.3,A
259,USGS,2035000,2023-01-07,0.57,A,0.55,A,0.56,A,5140,A,8.1,A,7.0,A,7.5,A,151.0,A,143.0,A,146.0,A,11.9,A,11.4,A,11.7,A,7.8,A,7.6,A,7.7,A,6.6,A,6.1,A,8.5,A
260,USGS,2035000,2023-01-08,0.57,A,0.53,A,0.56,A,4900,A,7.0,A,5.5,A,6.0,A,153.0,A,150.0,A,152.0,A,12.4,A,11.9,A,12.1,A,7.8,A,7.7,A,7.7,A,6.3,A,5.6,A,9.3,A
261,USGS,2035000,2023-01-09,0.54,A,0.5,A,0.53,A,5030,A:e,5.9,A,5.1,A,5.4,A,151.0,A,143.0,A,150.0,A,12.5,A,12.4,A,12.5,A,7.8,A,7.7,A,7.7,A,6.5,A,6.2,A,7.4,A
262,USGS,2035000,2023-01-10,0.52,A,0.5,A,0.52,A,5490,A,5.2,A,4.6,A,4.8,A,147.0,A,140.0,A,141.0,A,12.7,A,12.5,A,12.6,A,7.7,A,7.6,A,7.7,A,7.0,A,6.7,A,7.5,A
263,USGS,2035000,2023-01-11,,,,,,,5220,A,,,,,,,,,,,,,,,,,,,,,,,,,6.9,A:[4],6.7,A:[4],7.2,A:[4]
264,USGS,2035000,2023-01-12,0.53,A,0.51,A,0.52,A,4800,A,5.7,A,4.5,A,5.0,A,149.0,A,144.0,A,148.0,A,12.7,A,12.3,A,12.6,A,7.7,A,7.7,A,7.7,A,6.9,A,6.4,A,13.6,A
265,USGS,2035000,2023-01-13,0.51,A,0.47,A,0.5,A,5680,A,7.2,A,5.7,A,6.5,A,144.0,A,123.0,A,139.0,A,12.3,A,11.7,A,12.0,A,7.7,A,7.5,A,7.6,A,10.2,A,8.5,A,18.0,A
266,USGS,2035000,2023-01-14,0.48,A,0.46,A,0.47,A,7570,A,6.9,A,6.2,A,6.7,A,136.0,A,123.0,A,129.0,A,11.8,A,11.6,A,11.7,A,7.6,A,7.5,A,7.6,A,15.6,A,13.7,A,17.3,A
267,USGS,2035000,2023-01-15,0.48,A,0.47,A,0.47,A,6980,A,6.2,A,5.1,A,5.5,A,142.0,A,133.0,A,135.0,A,12.4,A,11.8,A,12.1,A,7.7,A,7.6,A,7.6,A,12.2,A,11.7,A,14.1,A
268,USGS,2035000,2023-01-16,0.49,A,0.47,A,0.48,A,6960,A,5.1,A,4.4,A,4.6,A,158.0,A,142.0,A,147.0,A,12.7,A,12.4,A,12.5,A,7.8,A,7.7,A,7.7,A,11.8,A,10.9,A,13.3,A
269,USGS,2035000,2023-01-17,0.47,A,0.44,A,0.45,A,6520,A,5.0,A,4.5,A,4.8,A,166.0,A,158.0,A,164.0,A,12.7,A,12.5,A,12.6,A,7.8,A,7.7,A,7.8,A,9.2,A,8.5,A,11.7,A
270,USGS,2035000,2023-01-18,0.45,A,0.42,A,0.43,A,6270,A,5.8,A,4.7,A,5.2,A,166.0,A,157.0,A,161.0,A,12.5,A,12.3,A,12.4,A,7.8,A,7.7,A,7.8,A,8.1,A,7.6,A,8.8,A
271,USGS,2035000,2023-01-19,0.43,A,0.42,A,0.43,A,6030,A,6.3,A,5.8,A,6.1,A,163.0,A,158.0,A,160.0,A,12.3,A,11.9,A,12.1,A,7.8,A,7.7,A,7.8,A,7.8,A,7.1,A,12.1,A
272,USGS,2035000,2023-01-20,,,,,,,5790,A:e,,,,,,,,,,,,,,,,,,,,,,,,,5.8,P:[4],5.3,P:[4],8.1,P:[4]
273,USGS,2035000,2023-01-21,0.44,P,0.43,P,0.43,P,5550,A,6.8,P,5.9,P,6.3,P,154.0,P,145.0,P,147.0,P,12.1,P,11.9,P,12.0,P,7.7,P,7.7,P,7.7,P,5.7,P,4.9,P,11.0,P
274,USGS,2035000,2023-01-22,0.45,P,0.44,P,0.44,P,5120,A,6.2,P,5.4,P,5.7,P,148.0,P,146.0,P,147.0,P,12.2,P,12.1,P,12.1,P,7.7,P,7.7,P,7.7,P,5.0,P,4.6,P,5.5,P
275,USGS,2035000,2023-01-23,0.44,P,0.41,P,0.43,P,5140,A:e,6.3,P,5.3,P,5.6,P,146.0,P,138.0,P,145.0,P,12.3,P,12.2,P,12.2,P,7.7,P,7.7,P,7.7,P,5.2,P,4.8,P,7.4,P
276,USGS,2035000,2023-01-24,0.43,P,0.41,P,0.42,P,5220,A,6.0,P,5.0,P,5.3,P,138.0,P,136.0,P,138.0,P,12.5,P,12.2,P,12.4,P,7.7,P,7.7,P,7.7,P,5.6,P,4.8,P,12.9,P
277,USGS,2035000,2023-01-25,0.44,P,0.4,P,0.42,P,5050,A,5.3,P,4.8,P,5.1,P,142.0,P,134.0,P,139.0,P,12.5,P,12.3,P,12.4,P,7.7,P,7.6,P,7.6,P,5.2,P,4.5,P,14.9,P
278,USGS,2035000,2023-01-26,0.45,P,0.38,P,0.41,P,7780,A,5.1,P,4.4,P,4.8,P,134.0,P,100.0,P,104.0,P,12.3,P,12.3,P,12.3,P,7.6,P,7.4,P,7.5,P,30.8,P,10.7,P,35.9,P
279,USGS,2035000,2023-01-27,0.46,P,0.43,P,0.44,P,9040,A,5.3,P,4.6,P,4.8,P,115.0,P,105.0,P,111.0,P,12.4,P,12.2,P,12.3,P,7.5,P,7.4,P,7.5,P,26.4,P,21.4,P,36.5,P
280,USGS,2035000,2023-01-28,0.48,P,0.44,P,0.46,P,9380,A,5.3,P,4.4,P,4.8,P,142.0,P,115.0,P,129.0,P,12.6,P,12.4,P,12.5,P,7.7,P,7.5,P,7.6,P,20.8,P,17.1,P,22.8,P
281,USGS,2035000,2023-01-29,0.47,P,0.43,P,0.46,P,8780,A,5.2,P,5.0,P,5.1,P,157.0,P,142.0,P,153.0,P,12.5,P,12.4,P,12.5,P,7.7,P,7.7,P,7.7,P,11.6,P,10.5,P,17.7,P
282,USGS,2035000,2023-01-30,0.45,P,0.42,P,0.43,P,7770,A,6.2,P,5.2,P,5.7,P,150.0,P,147.0,P,148.0,P,12.5,P,12.3,P,12.4,P,7.8,P,7.7,P,7.7,P,8.7,P,7.5,P,10.8,P
283,USGS,2035000,2023-01-31,0.45,P,0.42,P,0.43,P,7170,A,6.5,P,6.2,P,6.4,P,150.0,P,140.0,P,146.0,P,12.3,P,12.0,P,12.0,P,7.7,P,7.7,P,7.7,P,7.3,P,6.9,P,8.1,P
284,USGS,2035000,2023-02-01,0.45,P,0.42,P,0.42,P,7280,A,6.2,P,5.6,P,6.0,P,140.0,P,118.0,P,130.0,P,12.2,P,12.0,P,12.1,P,7.7,P,7.6,P,7.6,P,7.7,P,7.1,P,10.6,P
285,USGS,2035000,2023-02-02,0.45,P,0.41,P,0.44,P,7900,A:e,5.6,P,5.0,P,5.2,P,118.0,P,114.0,P,116.0,P,12.4,P,12.2,P,12.3,P,7.6,P,7.6,P,7.6,P,9.9,P,9.4,P,10.8,P
286,USGS,2035000,2023-02-03,0.45,P,0.44,P,0.45,P,7580,A,5.6,P,4.8,P,5.0,P,121.0,P,116.0,P,119.0,P,12.5,P,12.4,P,12.4,P,7.6,P,7.6,P,7.6,P,9.0,P,8.4,P,10.9,P
287,USGS,2035000,2023-02-04,0.46,P,0.44,P,0.45,P,7230,A,4.9,P,3.9,P,4.2,P,130.0,P,121.0,P,127.0,P,13.1,P,12.5,P,12.8,P,7.7,P,7.6,P,7.7,P,7.9,P,7.2,P,9.3,P
288,USGS,2035000,2023-02-05,0.46,P,0.42,P,0.43,P,6630,A,4.8,P,3.6,P,4.0,P,136.0,P,130.0,P,134.0,P,13.1,P,13.0,P,13.0,P,7.7,P,7.7,P,7.7,P,6.8,P,6.1,P,8.1,P
289,USGS,2035000,2023-02-06,0.42,P,0.41,P,0.41,P,6290,P,5.8,P,4.6,P,5.1,P,140.0,P,133.0,P,136.0,P,13.0,P,12.6,P,12.7,P,7.7,P,7.7,P,7.7,P,5.8,P,5.3,P,7.6,P
290,USGS,2035000,2023-02-07,0.42,P,0.39,P,0.4,P,5900,P,6.3,P,5.1,P,5.6,P,146.0,P,140.0,P,141.0,P,12.6,P,12.4,P,12.5,P,7.7,P,7.7,P,7.7,P,5.6,P,5.2,P,6.2,P
291,USGS,2035000,2023-02-08,0.41,P,0.37,P,0.38,P,5580,P,7.8,P,6.1,P,6.9,P,146.0,P,141.0,P,142.0,P,12.4,P,12.0,P,12.2,P,7.8,P,7.7,P,7.7,P,5.3,P,4.8,P,5.8,P
292,USGS,2035000,2023-02-09,0.39,P,0.35,P,0.37,P,5360,P,9.1,P,7.5,P,8.2,P,143.0,P,142.0,P,142.0,P,12.0,P,11.5,P,11.8,P,7.7,P,7.7,P,7.7,P,5.1,P,4.7,P,5.7,P
293,USGS,2035000,2023-02-10,0.37,P,0.34,P,0.36,P,4990,P,10.4,P,9.1,P,9.8,P,143.0,P,137.0,P,141.0,P,11.5,P,11.1,P,11.3,P,7.8,P,7.6,P,7.7,P,4.8,P,4.1,P,5.6,P
294,USGS,2035000,2023-02-11,0.35,P,0.33,P,0.34,P,4810,P,10.3,P,9.6,P,9.9,P,141.0,P,138.0,P,139.0,P,11.3,P,10.9,P,11.1,P,7.8,P,7.7,P,7.7,P,4.7,P,4.0,P,5.5,P
295,USGS,2035000,2023-02-12,0.35,P,0.32,P,0.33,P,5160,P,9.7,P,7.3,P,8.8,P,142.0,P,108.0,P,140.0,P,11.3,P,11.0,P,11.1,P,7.7,P,7.4,P,7.6,P,6.6,P,4.7,P,68.2,P
296,USGS,2035000,2023-02-13,0.43,P,0.33,P,0.41,P,15500,P,7.3,P,6.2,P,6.8,P,108.0,P,69.0,P,78.0,P,11.5,P,11.3,P,11.4,P,7.5,P,7.1,P,7.2,P,93.0,P,42.9,P,156.0,P
297,USGS,2035000,2023-02-14,0.44,P,0.34,P,0.41,P,25300,P,8.3,P,6.3,P,6.8,P,179.0,P,84.0,P,114.0,P,11.6,P,10.9,P,11.5,P,7.7,P,7.2,P,7.5,P,92.3,P,53.5,P,151.0,P
298,USGS,2035000,2023-02-15,0.46,P,0.34,P,0.45,P,24700,P,8.8,P,7.5,P,8.0,P,179.0,P,121.0,P,157.0,P,11.4,P,11.0,P,11.3,P,7.8,P,7.6,P,7.7,P,111.0,P,83.6,P,144.0,P
299,USGS,2035000,2023-02-16,0.48,P,0.44,P,0.46,P,16600,P,9.8,P,8.7,P,8.9,P,121.0,P,97.0,P,100.0,P,11.2,P,10.9,P,11.1,P,7.6,P,7.5,P,7.5,P,71.2,P,50.2,P,125.0,P
300,USGS,2035000,2023-02-17,0.49,P,0.47,P,0.48,P,13200,P,10.4,P,9.8,P,10.1,P,101.0,P,97.0,P,100.0,P,10.9,P,10.6,P,10.6,P,7.5,P,7.4,P,7.5,P,39.6,P,27.1,P,60.5,P
301,USGS,2035000,2023-02-18,0.52,P,0.47,P,0.49,P,18800,P,10.0,P,9.2,P,9.6,P,123.0,P,87.0,P,90.0,P,10.9,P,10.6,P,10.7,P,7.6,P,7.3,P,7.4,P,48.2,P,29.4,P,83.8,P
302,USGS,2035000,2023-02-19,0.57,P,0.46,P,0.53,P,32000,P,9.5,P,9.0,P,9.2,P,150.0,P,110.0,P,138.0,P,11.1,P,10.8,P,11.0,P,7.8,P,7.6,P,7.7,P,156.0,P,77.1,P,205.0,P
303,USGS,2035000,2023-02-20,0.5,P,0.45,P,0.47,P,20500,P,9.0,P,8.7,P,8.8,P,110.0,P,91.0,P,92.0,P,11.2,P,11.0,P,11.2,P,7.6,P,7.4,P,7.5,P,116.0,P,76.9,P,161.0,P
304,USGS,2035000,2023-02-21,0.54,P,0.49,P,0.52,P,17400,P,9.4,P,8.6,P,8.9,P,108.0,P,93.0,P,98.0,P,11.1,P,11.0,P,11.1,P,7.6,P,7.4,P,7.5,P,63.2,P,41.8,P,88.2,P
305,USGS,2035000,2023-02-22,0.56,P,0.52,P,0.54,P,16200,P,9.5,P,9.0,P,9.2,P,120.0,P,108.0,P,116.0,P,11.1,P,11.0,P,11.0,P,7.6,P,7.5,P,7.6,P,30.5,P,22.6,P,42.7,P
306,USGS,2035000,2023-02-23,0.53,P,0.48,P,0.5,P,13700,P,10.6,P,9.5,P,9.9,P,126.0,P,120.0,P,123.0,P,11.0,P,10.8,P,10.8,P,7.6,P,7.5,P,7.6,P,22.5,P:[4],20.7,P:[4],26.9,P:[4]
307,USGS,2035000,2023-02-24,0.5,P,0.47,P,0.48,P,10800,P,10.9,P,10.4,P,10.6,P,124.0,P,122.0,P,124.0,P,10.8,P,10.6,P,10.7,P,7.6,P,7.5,P,7.6,P,17.4,P,14.6,P,21.3,P
308,USGS,2035000,2023-02-25,0.48,P,0.47,P,0.48,P,9190,P,10.9,P,9.4,P,9.9,P,125.0,P,123.0,P,125.0,P,10.9,P,10.6,P,10.8,P,7.6,P,7.5,P,7.6,P,13.2,P,11.5,P,15.8,P
309,USGS,2035000,2023-02-26,0.49,P,0.46,P,0.48,P,8380,P,9.8,P,9.0,P,9.3,P,129.0,P,125.0,P,128.0,P,11.1,P,10.9,P,11.0,P,7.6,P,7.6,P,7.6,P,10.9,P,9.6,P,12.9,P
310,USGS,2035000,2023-02-27,0.51,P,0.48,P,0.49,P,7600,P,9.6,P,9.1,P,9.2,P,131.0,P,127.0,P,129.0,P,11.0,P,10.9,P,11.0,P,7.6,P,7.6,P,7.6,P,9.8,P,8.7,P,12.1,P
311,USGS,2035000,2023-02-28,0.51,P,0.49,P,0.5,P,7350,P,10.9,P,9.2,P,10.0,P,130.0,P,126.0,P,129.0,P,11.0,P,10.7,P,10.9,P,7.7,P,7.6,P,7.6,P,8.7,P,8.0,P,9.9,P
312,USGS,2035000,2023-03-01,0.5,P,0.47,P,0.48,P,7340,P,11.2,P,10.6,P,10.8,P,134.0,P,125.0,P,128.0,P,10.7,P,10.6,P,10.7,P,7.7,P,7.6,P,7.6,P,8.7,P,7.7,P,10.4,P
313,USGS,2035000,2023-03-02,0.5,P,0.47,P,0.48,P,6900,P,11.7,P,10.9,P,11.4,P,136.0,P,131.0,P,133.0,P,10.6,P,10.4,P,10.5,P,7.7,P,7.6,P,7.7,P,8.4,P,6.9,P,9.6,P
314,USGS,2035000,2023-03-03,0.49,P,0.47,P,0.48,P,6740,P,11.5,P,10.3,P,11.0,P,138.0,P,135.0,P,137.0,P,10.4,P,10.3,P,10.4,P,7.6,P,7.6,P,7.6,P,7.8,P,6.6,P,9.3,P
315,USGS,2035000,2023-03-04,0.49,P,0.41,P,0.46,P,7800,P,10.8,P,9.7,P,10.3,P,138.0,P,114.0,P,130.0,P,10.7,P,10.4,P,10.6,P,7.7,P,7.5,P,7.6,P,13.2,P,7.9,P,21.1,P
316,USGS,2035000,2023-03-05,0.48,P,0.44,P,0.47,P,11400,P,10.8,P,9.8,P,10.2,P,140.0,P,115.0,P,127.0,P,10.8,P,10.7,P,10.7,P,7.7,P,7.5,P,7.6,P,19.6,P,17.2,P,25.4,P
317,USGS,2035000,2023-03-06,0.49,P,0.45,P,0.47,P,14000,P,11.2,P,10.5,P,10.8,P,159.0,P,140.0,P,151.0,P,10.7,P,10.5,P,10.6,P,7.8,P,7.7,P,7.8,P,25.6,P,20.6,P,38.5,P
318,USGS,2035000,2023-03-07,0.46,P,0.44,P,0.45,P,12100,P,11.7,P,10.8,P,11.1,P,161.0,P,155.0,P,160.0,P,10.6,P,10.5,P,10.5,P,7.8,P,7.8,P,7.8,P,20.4,P,18.6,P,22.8,P
319,USGS,2035000,2023-03-08,0.44,P,0.39,P,0.41,P,10700,P,11.1,P,10.2,P,10.8,P,155.0,P,130.0,P,138.0,P,10.8,P,10.5,P,10.7,P,7.8,P,7.6,P,7.7,P,17.9,P,15.4,P,26.2,P
320,USGS,2035000,2023-03-09,0.4,P,0.38,P,0.39,P,9210,P,10.9,P,9.9,P,10.6,P,130.0,P,125.0,P,127.0,P,10.9,P,10.7,P,10.9,P,7.7,P,7.6,P,7.7,P,13.0,P,11.4,P,19.4,P
321,USGS,2035000,2023-03-10,0.4,P,0.39,P,0.39,P,8300,P,10.6,P,9.6,P,10.0,P,128.0,P,126.0,P,127.0,P,10.9,P,10.8,P,10.8,P,7.7,P,7.6,P,7.6,P,9.8,P,8.5,P,13.3,P
322,USGS,2035000,2023-03-11,0.4,P,0.38,P,0.39,P,7450,P,10.0,P,9.0,P,9.5,P,128.0,P,126.0,P,127.0,P,11.1,P,10.8,P,11.0,P,7.7,P,7.6,P,7.7,P,,,7.6,P:[4],9.1,P:[4]
323,USGS,2035000,2023-03-12,0.4,P,0.38,P,0.39,P,7090,P,9.4,P,7.8,P,8.7,P,129.0,P,126.0,P,128.0,P,11.4,P,11.0,P,11.1,P,7.7,P,7.7,P,7.7,P,6.9,P,6.2,P,8.1,P
324,USGS,2035000,2023-03-13,0.4,P,0.38,P,0.39,P,6840,P,8.6,P,7.5,P,8.0,P,131.0,P,128.0,P,129.0,P,11.5,P,11.4,P,11.5,P,7.7,P,7.7,P,7.7,P,6.4,P:[4],5.8,P:[4],7.1,P:[4]
325,USGS,2035000,2023-03-14,0.4,P,0.37,P,0.38,P,6500,P,8.7,P,7.6,P,8.0,P,135.0,P,130.0,P,132.0,P,11.7,P,11.4,P,11.5,P,7.8,P,7.7,P,7.7,P,6.5,P,5.9,P,12.8,P
326,USGS,2035000,2023-03-15,0.41,P,0.38,P,0.39,P,6090,P,8.6,P,7.1,P,7.6,P,137.0,P,134.0,P,135.0,P,11.8,P,11.6,P,11.7,P,7.8,P,7.7,P,7.8,P,5.9,P,5.4,P,7.0,P
327,USGS,2035000,2023-03-16,0.4,P,0.38,P,0.39,P,5640,P,9.4,P,7.5,P,8.2,P,141.0,P,137.0,P,139.0,P,11.7,P,11.5,P,11.6,P,7.8,P,7.7,P,7.8,P,5.6,P,4.9,P,17.2,P
328,USGS,2035000,2023-03-17,0.39,P,0.37,P,0.38,P,5340,P,10.3,P,9.1,P,9.4,P,143.0,P,140.0,P,142.0,P,11.6,P,11.0,P,11.2,P,7.8,P,7.7,P,7.8,P,5.3,P,4.9,P,5.7,P
329,USGS,2035000,2023-03-18,0.38,P,0.36,P,0.37,P,4990,P,11.8,P,10.1,P,10.8,P,142.0,P,139.0,P,139.0,P,11.0,P,10.8,P,10.9,P,7.8,P,7.7,P,7.8,P,5.3,P,4.5,P,6.4,P
330,USGS,2035000,2023-03-19,0.36,P,0.33,P,0.35,P,4870,P,11.2,P,9.9,P,10.5,P,144.0,P,141.0,P,142.0,P,11.3,P,10.7,P,10.9,P,7.9,P,7.7,P,7.8,P,4.9,P,4.2,P,6.4,P
331,USGS,2035000,2023-03-20,0.34,P,0.31,P,0.33,P,4640,P,10.6,P,8.9,P,9.7,P,145.0,P,143.0,P,144.0,P,11.6,P,11.0,P,11.3,P,7.9,P,7.7,P,7.8,P,4.5,P,3.8,P,12.5,P
332,USGS,2035000,2023-03-21,0.32,P,0.29,P,0.31,P,4510,P,10.7,P,8.7,P,9.5,P,148.0,P,145.0,P,146.0,P,11.8,P,11.2,P,11.5,P,7.9,P,7.7,P,7.8,P,3.9,P,3.3,P,5.3,P
333,USGS,2035000,2023-03-22,0.3,P,0.27,P,0.29,P,4310,P,11.1,P,9.9,P,10.4,P,150.0,P,146.0,P,148.0,P,11.6,P,11.1,P,11.4,P,8.0,P,7.7,P,7.8,P,4.1,P,3.3,P,15.5,P
334,USGS,2035000,2023-03-23,0.28,P,0.26,P,0.27,P,4200,P,13.3,P,10.6,P,11.8,P,153.0,P,149.0,P,152.0,P,11.3,P,10.8,P,11.0,P,8.0,P,7.8,P,7.8,P,4.2,P,3.6,P,8.9,P
335,USGS,2035000,2023-03-24,0.28,P,0.26,P,0.27,P,4000,P,15.5,P,13.1,P,14.6,P,154.0,P,151.0,P,152.0,P,10.8,P,10.0,P,10.3,P,8.0,P,7.7,P,7.9,P,4.4,P,3.8,P,13.8,P
336,USGS,2035000,2023-03-25,0.28,P,0.26,P,0.27,P,4110,P,14.9,P,14.2,P,14.5,P,152.0,P,145.0,P,149.0,P,10.1,P,9.4,P,9.7,P,7.9,P,7.7,P,7.8,P,5.0,P,4.0,P,12.3,P
337,USGS,2035000,2023-03-26,0.27,P,0.25,P,0.26,P,4240,P,15.7,P,13.5,P,14.4,P,148.0,P,143.0,P,146.0,P,10.8,P,9.6,P,10.1,P,8.0,P,7.7,P,7.8,P,5.4,P,4.4,P,11.0,P
338,USGS,2035000,2023-03-27,0.27,P,0.24,P,0.26,P,4220,P,15.5,P,14.3,P,14.6,P,150.0,P,145.0,P,147.0,P,10.7,P,9.6,P,10.0,P,8.1,P,7.7,P,7.8,P,4.7,P,3.8,P,6.3,P
339,USGS,2035000,2023-03-28,0.25,P,0.21,P,0.23,P,4060,P,15.1,P,14.1,P,14.6,P,151.0,P,150.0,P,150.0,P,10.7,P,9.6,P,10.0,P,8.1,P,7.7,P,7.8,P,4.6,P,3.4,P,8.0,P
340,USGS,2035000,2023-03-29,0.24,P,0.22,P,0.24,P,4110,P,15.2,P,13.3,P,14.2,P,153.0,P,150.0,P,152.0,P,11.2,P,9.7,P,10.4,P,8.3,P,7.7,P,7.9,P,4.5,P,3.6,P,7.3,P
341,USGS,2035000,2023-03-30,0.23,P,0.18,P,0.21,P,3970,P,15.2,P,13.3,P,14.1,P,151.0,P,149.0,P,150.0,P,11.6,P,9.8,P,10.6,P,8.4,P,7.8,P,8.0,P,4.1,P,3.4,P,5.6,P
342,USGS,2035000,2023-03-31,0.18,P,0.16,P,0.16,P,3780,P,14.1,P,13.4,P,13.7,P,155.0,P,149.0,P,152.0,P,10.9,P,9.9,P,10.4,P,8.1,P,7.8,P,7.9,P,4.4,P,3.7,P,15.0,P
343,USGS,2035000,2023-04-01,0.19,P,0.15,P,0.16,P,3920,P,15.6,P,13.5,P,14.2,P,149.0,P,133.0,P,147.0,P,10.8,P,9.7,P,9.9,P,8.1,P,7.7,P,7.8,P,6.6,P,3.9,P,18.0,P
344,USGS,2035000,2023-04-02,0.22,P,0.15,P,0.19,P,4600,P,16.1,P,14.1,P,14.8,P,140.0,P,130.0,P,132.0,P,11.0,P,9.3,P,10.0,P,8.3,P,7.6,P,7.9,P,9.2,P,7.3,P,12.3,P
345,USGS,2035000,2023-04-03,0.17,P,0.15,P,0.16,P,4890,P,16.0,P,14.3,P,15.0,P,147.0,P,140.0,P,145.0,P,11.1,P,9.5,P,10.1,P,8.4,P,7.8,P,8.0,P,6.7,P,5.3,P,11.2,P
346,USGS,2035000,2023-04-04,0.22,P,0.15,P,0.19,P,7070,P,17.7,P,15.5,P,16.4,P,185.0,P,147.0,P,171.0,P,10.0,P,9.2,P,9.5,P,8.1,P,7.8,P,7.9,P,10.2,P,6.5,P,14.0,P
347,USGS,2035000,2023-04-05,0.21,P,0.19,P,0.19,P,7160,P,19.1,P,17.4,P,18.2,P,203.0,P,185.0,P,197.0,P,9.5,P,8.8,P,9.1,P,8.0,P,7.8,P,7.9,P,11.0,P,8.6,P,14.7,P
348,USGS,2035000,2023-04-06,0.2,P,0.18,P,0.19,P,7390,P,20.5,P,19.1,P,20.0,P,211.0,P,203.0,P,209.0,P,8.9,P,8.4,P,8.6,P,8.0,P,7.8,P,7.9,P,10.4,P,8.0,P,13.0,P
349,USGS,2035000,2023-04-07,0.22,P,0.17,P,0.18,P,6590,P,20.1,P,16.9,P,18.8,P,213.0,P,171.0,P,188.0,P,8.5,P,8.0,P,8.2,P,7.8,P,7.6,P,7.7,P,9.4,P,7.4,P,11.9,P
350,USGS,2035000,2023-04-08,0.25,P,0.21,P,0.23,P,6080,P,16.9,P,14.4,P,15.8,P,171.0,P,136.0,P,149.0,P,9.5,P,8.5,P,9.1,P,7.7,P,7.6,P,7.6,P,8.4,P,7.1,P,11.1,P
351,USGS,2035000,2023-04-09,0.26,P,0.24,P,0.25,P,5630,P,15.4,P,13.6,P,14.4,P,137.0,P,133.0,P,136.0,P,10.2,P,9.5,P,9.9,P,7.8,P,7.6,P,7.7,P,7.3,P,6.1,P,14.9,P
352,USGS,2035000,2023-04-10,0.27,P,0.24,P,0.26,P,5500,P,15.6,P,13.7,P,14.4,P,139.0,P,133.0,P,138.0,P,10.4,P,9.8,P,10.1,P,7.9,P,7.7,P,7.8,P,5.9,P,4.7,P,8.0,P
353,USGS,2035000,2023-04-11,0.24,P,0.19,P,0.22,P,5510,P,16.6,P,14.3,P,15.1,P,140.0,P,138.0,P,139.0,P,10.3,P,9.7,P,9.9,P,8.0,P,7.7,P,7.8,P,5.9,P,4.5,P,7.9,P
354,USGS,2035000,2023-04-12,0.19,P,0.15,P,0.16,P,5150,P,18.2,P,15.7,P,16.8,P,145.0,P,138.0,P,142.0,P,10.0,P,9.3,P,9.6,P,8.0,P,7.7,P,7.8,P,6.1,P,4.0,P,10.1,P
355,USGS,2035000,2023-04-13,0.17,P,0.14,P,0.15,P,4720,P,19.5,P,17.1,P,18.2,P,149.0,P,144.0,P,144.0,P,9.7,P,8.9,P,9.2,P,8.0,P,7.7,P,7.8,P,5.1,P,4.2,P,7.0,P
356,USGS,2035000,2023-04-14,0.17,P,0.16,P,0.16,P,4420,P,19.4,P,18.5,P,18.9,P,150.0,P,148.0,P,149.0,P,9.2,P,8.5,P,8.8,P,7.9,P,7.7,P,7.8,P,5.0,P,3.9,P,6.8,P
357,USGS,2035000,2023-04-15,0.16,P,0.13,P,0.15,P,4280,P,20.9,P,18.8,P,19.9,P,152.0,P,148.0,P,150.0,P,9.2,P,8.3,P,8.6,P,7.9,P,7.6,P,7.7,P,5.4,P,4.2,P,6.7,P
358,USGS,2035000,2023-04-16,0.15,P,0.14,P,0.14,P,4750,P,20.7,P,19.9,P,20.4,P,151.0,P,146.0,P,148.0,P,8.6,P,7.9,P,8.2,P,7.8,P,7.6,P,7.6,P,5.7,P,4.4,P,8.5,P
359,USGS,2035000,2023-04-17,0.17,P,0.15,P,0.16,P,4530,P,20.8,P,19.6,P,20.1,P,146.0,P,137.0,P,142.0,P,8.9,P,7.9,P,8.3,P,7.8,P,7.6,P,7.7,P,5.6,P,4.0,P,12.5,P
360,USGS,2035000,2023-04-18,0.18,P,0.16,P,0.17,P,4260,P,19.8,P,18.2,P,19.0,P,141.0,P,137.0,P,140.0,P,9.2,P,8.1,P,8.6,P,7.9,P,7.6,P,7.7,P,4.7,P,3.8,P,6.5,P
361,USGS,2035000,2023-04-19,0.18,P,0.17,P,0.18,P,4150,P,19.9,P,17.6,P,18.6,P,147.0,P,139.0,P,142.0,P,9.4,P,8.4,P,8.8,P,7.9,P,7.6,P,7.7,P,4.7,P,3.4,P,9.1,P
362,USGS,2035000,2023-04-20,0.18,P,0.15,P,0.16,P,4030,P,21.3,P,18.6,P,19.8,P,160.0,P,146.0,P,150.0,P,9.4,P,8.3,P,8.6,P,7.9,P,7.6,P,7.7,P,4.7,P,3.6,P,7.2,P
363,USGS,2035000,2023-04-21,0.18,P,0.16,P,0.17,P,4010,P,22.5,P,20.1,P,21.2,P,170.0,P,160.0,P,166.0,P,9.0,P,8.0,P,8.3,P,7.9,P,7.6,P,7.7,P,4.4,P,3.3,P,16.7,P
364,USGS,2035000,2023-04-22,0.2,P,0.18,P,0.19,P,3860,P,21.5,P,19.9,P,20.9,P,170.0,P,167.0,P,169.0,P,8.1,P,7.6,P,7.8,P,7.7,P,7.6,P,7.6,P,6.1,P,4.3,P,17.1,P
365,USGS,2035000,2023-04-23,0.28,P,0.2,P,0.21,P,4120,P,20.3,P,18.9,P,19.5,P,169.0,P,151.0,P,165.0,P,8.7,P,7.7,P,8.3,P,7.7,P,7.5,P,7.6,P,5.2,P,3.8,P,6.9,P
